Label,Non-School Qualifications (%),Postgraduate Degree (%),Graduate Diploma/Graduate Certificate (%),Bachelor Degree (%),Advanced Diploma/Diploma (%),Certificate (%),Non-School Qualifications - Inadequately described (%),Employed (no.),Unemployed (no.),Labour Force (no.),Unemployment rate (%),Participation rate (%),Not in the Labour Force (%),Labour Force Status not stated (%),Total population aged 15 years and over (no.)
Braidwood,66.9,5.3,2.4,12.8,8.5,21.3,16.5,"1,646",73,"1,719",4.2,53.4,35.2,11.7,"3,222"
Karabar,53.5,3,1.9,8.8,8.3,22.3,9.2,"4,184",208,"4,392",4.7,66.3,27.8,5.8,"6,623"
Queanbeyan,60.7,5.1,2.3,14,8.8,19.3,11.1,"5,612",306,"5,918",5.2,64.5,27.9,7.6,"9,169"
Queanbeyan - East,62.7,7.1,2.2,16.2,9.6,19.2,8.4,"2,647",140,"2,787",5,70,23.9,6.2,"3,981"
Queanbeyan Region,69.1,6.9,3.5,15.6,10.9,20,12.3,"8,814",265,"9,079",2.9,67.9,22.7,9.4,"13,377"
Queanbeyan West - Jerrabomberra,62.7,7.6,3.4,15.2,11.2,19,6.3,"7,125",254,"7,379",3.4,75.9,19.9,4.2,"9,725"
Bombala,50.8,1.1,0.8,8.1,6.6,22.3,12.1,"1,067",50,"1,117",4.5,56.1,36.4,7.4,"1,991"
Cooma,60.3,2.1,1.4,9,7.4,23.2,17.2,"2,901",143,"3,044",4.7,53.6,37.5,8.8,"5,678"
Cooma Region,63.1,2.7,1.2,11.6,8.6,24.2,14.5,"1,570",60,"1,630",3.7,59.8,31.4,9,"2,724"
Jindabyne - Berridale,68.4,3.1,1.7,12.7,9.8,28.2,12.6,"3,899",73,"3,972",1.8,69.6,21.2,9.2,"5,709"
Batemans Bay,56,1.5,1.6,6.8,7.2,24.4,14.5,"2,540",225,"2,765",8.1,42.9,48.1,9.1,"6,452"
Batemans Bay - South,59.3,2.4,1.9,9.3,8.4,23.5,13.8,"2,862",266,"3,128",8.5,43.7,47.2,9.1,"7,166"
Bega - Tathra,58.4,2.4,2,11.1,7.7,22,13.1,"3,480",181,"3,661",4.9,53.4,38.9,7.8,"6,852"
Bega-Eden Hinterland,63.3,2.6,2.4,11.2,8.8,26,12.4,"3,709",235,"3,944",6,53.8,38.8,7.6,"7,335"
Broulee - Tomakin,64.4,2.7,3.3,12.6,9.1,23.6,13.2,"1,235",56,"1,291",4.3,46.3,45.8,8,"2,789"
Deua - Wadbilliga,64,-,-,24,12,12,28,11,-,11,-,44,36,28,25
Eden,53.8,1.4,1,6.5,6.5,21.6,16.6,"1,152",86,"1,238",6.9,45.6,45.3,9.1,"2,715"
Eurobodalla Hinterland,62.3,2.4,1.7,9.1,8.9,28.5,11.9,"1,398",98,"1,496",6.6,53,39.5,7.2,"2,824"
Merimbula - Tura Beach,60.6,2.2,2.1,10.8,8.7,23.8,12.9,"4,098",197,"4,295",4.6,46.9,45.6,7.4,"9,156"
Moruya - Tuross Head,60.7,2.6,2,9.8,9,25.1,12.3,"2,875",207,"3,082",6.7,44.7,48,7.3,"6,891"
Narooma - Bermagui,61.3,2.4,2.1,9.9,8.4,23.9,14.6,"2,841",177,"3,018",5.9,38.5,52.8,8.7,"7,834"
Goulburn,57.6,1.9,1.3,7.6,8.4,23.3,15,"9,708",708,"10,416",6.8,55.6,37,7.4,"18,737"
Goulburn Region,59.7,2.3,1.5,8.7,8.7,25,13.5,"5,701",253,"5,954",4.2,57.1,34.4,8.4,"10,430"
Yass,59.7,2.7,1.9,11.8,8.1,22.1,13,"2,961",110,"3,071",3.6,59.2,31.6,9.3,"5,186"
Yass Region,66.1,6.5,3.5,16.4,10.1,19.7,9.9,"6,019",175,"6,194",2.8,68.1,25.5,6.3,"9,092"
Young,51.7,1,1,7.5,6.6,23.4,12.2,"4,189",275,"4,464",6.2,53.4,39.2,7.4,"8,352"
Young Region,52.7,1.3,0.9,8,7.6,21.5,13.4,"3,109",163,"3,272",5,54,38,8,"6,059"
Avoca Beach - Copacabana,68.8,4.8,2.7,18.8,12.5,22.2,7.7,"3,630",213,"3,843",5.5,67,28.7,4.5,"5,738"
Box Head - MacMasters Beach,63.7,3.7,2.3,14.4,11,23.6,8.8,"4,743",225,"4,968",4.5,56.2,39.3,4.4,"8,834"
Calga - Kulnura,62,2.8,1.4,11.2,9.7,23.1,13.9,"2,249",85,"2,334",3.6,59,31.1,9.8,"3,955"
Erina - Green Point,60.1,3.6,1.7,13.2,10.1,19.8,11.7,"5,625",311,"5,936",5.2,50.9,43.1,6.1,"11,672"
Gosford - Springfield,62.6,3.7,1.5,14.7,10,21.2,11.5,"8,506",686,"9,192",7.5,58.6,34.1,7.3,"15,692"
Kariong,60.6,2.2,1.2,10.3,11,25.7,10.1,"3,156",215,"3,371",6.4,67.8,27.5,4.7,"4,970"
Kincumber - Picketts Valley,58.1,2.5,1.6,10.8,9.2,24.8,9.2,"2,944",187,"3,131",6,51.7,44,4.4,"6,056"
Narara,60.1,3.1,1.7,12.2,10.2,25.7,7.3,"3,294",197,"3,491",5.6,65.6,30.2,4.2,"5,324"
Niagara Park - Lisarow,60.6,3,1.8,12.9,10.5,25.2,7.4,"3,910",236,"4,146",5.7,65.2,31,3.7,"6,355"
Point Clare - Koolewong,63.6,4.3,2,14.7,11.6,22.7,8.3,"2,814",187,"3,001",6.2,59,37.1,3.8,"5,084"
Saratoga - Davistown,63.1,2.5,1.7,12.2,11.1,27.4,8.4,"3,185",158,"3,343",4.7,59.4,35.8,4.7,"5,626"
Terrigal - North Avoca,65.7,4.8,2.4,18.3,11.3,21,8.1,"6,574",350,"6,924",5.1,63.1,32.5,4.4,"10,968"
Umina - Booker Bay - Patonga,57,2.5,1.2,8.7,8.8,23.9,11.9,"9,178",775,"9,953",7.8,50.4,42.6,6.9,"19,735"
Wamberal - Forresters Beach,66.5,4,2.3,17,11.7,23.2,8.3,"4,678",198,"4,876",4.1,63.7,31.6,4.8,"7,656"
Woy Woy - Blackwall,55.6,2.7,1.4,9.2,8.3,22,11.9,"5,289",474,"5,763",8.2,48.8,44.3,6.8,"11,801"
Wyoming,59,2.2,1.2,10.1,9.8,23.1,12.5,"4,692",382,"5,074",7.5,54.3,39,6.7,"9,346"
Bateau Bay - Killarney Vale,57,1.6,1,8.9,8.6,25.6,11.2,"9,330",631,"9,961",6.3,55.8,37.4,6.8,"17,856"
Blue Haven - San Remo,48.7,0.5,0.5,4.3,6.7,27.6,9.1,"4,551",468,"5,019",9.3,59.3,36,4.7,"8,461"
Budgewoi - Buff Point - Halekulani,54.3,1,0.8,5.8,7.8,28,11,"3,585",344,"3,929",8.8,50.5,43.3,6.2,"7,779"
Chittaway Bay - Tumbi Umbi,57.5,1.9,1.3,9,9.5,27.8,8,"7,245",455,"7,700",5.9,62.5,33.3,4.2,"12,316"
Gorokan - Kanwal - Charmhaven,52.8,0.9,0.7,5.4,6.9,24.9,14.1,"8,294",820,"9,114",9,50.3,41.6,8.2,"18,128"
Jilliby - Yarramalong,63.6,3.1,1.6,11.9,10.5,23.9,12.6,"1,644",58,"1,702",3.4,62.5,28.7,8.7,"2,722"
Lake Munmorah - Mannering Park,52.7,0.9,0.7,5.5,7.2,27.3,11.1,"3,956",321,"4,277",7.5,47.3,46.8,5.8,"9,043"
Ourimbah - Fountaindale,62,3.4,1.6,14.2,11.1,24.2,7.5,"2,467",133,"2,600",5.1,66.8,29.7,3.7,"3,891"
Summerland Point - Gwandalan,53.7,1.1,0.8,5.8,7.3,30.7,8,"2,346",203,"2,549",8,53.9,42,4.1,"4,728"
The Entrance,56.2,1.8,1.2,8.4,8.2,23.4,13.2,"5,827",519,"6,346",8.2,50.4,41.8,7.8,"12,582"
Toukley - Norah Head,55.2,1.2,1,6.5,7.6,24.8,14.2,"3,456",302,"3,758",8,45.5,45.4,9.2,"8,258"
Tuggerah - Kangy Angy,57.7,2.3,1.1,11.2,9,24.1,9.9,"2,409",164,"2,573",6.4,61.5,31.3,7.2,"4,182"
Warnervale - Wadalba,54.8,1.9,1,8.2,9.8,26,7.9,"6,700",429,"7,129",6,62.4,33,4.6,"11,416"
Wyong,52.3,1.2,0.8,6.8,7.6,23.9,12,"3,327",370,"3,697",10,51.8,40.9,7.4,"7,133"
Bathurst,61.1,3.3,1.9,12.1,7.8,22.1,13.8,"10,443",723,"11,166",6.5,57.2,35.5,7.3,"19,517"
Bathurst - East,58.4,2,1.8,10.3,8.3,26.2,9.8,"4,906",307,"5,213",5.9,61.5,32.3,6.2,"8,478"
Bathurst Region,67.5,2.7,2.5,10.1,8.7,25.1,18.4,"3,124",144,"3,268",4.4,57.4,33,9.4,"5,691"
Oberon,55.2,1.2,0.9,6.3,6.3,22.8,17.7,"1,930",124,"2,054",6,53.1,36.2,10.6,"3,866"
Condobolin,49.2,0.7,1.1,6.5,5.6,18.4,17,"2,671",184,"2,855",6.4,54.8,33.9,11.3,"5,209"
Cowra,50.2,0.9,1,6.6,5.9,22.4,13.3,"3,383",264,"3,647",7.2,48.5,43.3,8.3,"7,519"
Cowra Region,53.2,1.1,1,8.5,7.7,22.8,12.2,"2,262",131,"2,393",5.5,53.6,39.1,7.4,"4,467"
Forbes,53.1,1.2,1,7.6,6.7,22.4,14.3,"4,176",244,"4,420",5.5,54.3,36.7,9,"8,135"
Grenfell,52.5,1,0.9,7.7,6.7,21.3,14.8,"1,439",79,"1,518",5.2,50,41,9.3,"3,038"
Parkes (NSW),54.5,1.2,1,7.4,6.1,24.3,14.6,"4,376",342,"4,718",7.2,54.3,36,9.6,"8,692"
Parkes Region,53.2,1.2,0.9,6.8,6.3,22.6,15.2,"1,351",114,"1,465",7.8,53.1,35.9,10.7,"2,760"
West Wyalong,52.7,0.8,0.8,6.7,5.2,21.7,17.4,"2,525",95,"2,620",3.6,55.6,32.3,11.9,"4,711"
Lithgow,54.7,1.1,1,6.1,6,23.9,16.6,"4,523",423,"4,946",8.6,46.4,45.6,8,"10,670"
Lithgow Region,59.7,1.6,1.1,6.7,7.5,25.5,17.4,"3,279",225,"3,504",6.4,51.4,36.4,12.2,"6,821"
Mudgee,59.1,1.5,1.3,9.9,7.3,25.7,13.5,"5,040",297,"5,337",5.6,58.4,32.9,8.7,"9,135"
Mudgee Region - East,53.5,1.2,0.7,5.8,5.7,23.4,16.4,"1,083",127,"1,210",10.5,41.8,46.9,11.5,"2,896"
Mudgee Region - West,58.2,1.2,1.1,7.2,6.5,24.9,17.3,"4,035",309,"4,344",7.1,52.1,35.2,12.7,"8,332"
Wollangambe - Wollemi,-,-,-,-,-,-,-,-,-,-,-,-,-,-,-
Blayney,57.8,1.9,1.5,9.5,7.4,24.9,12.5,"3,235",200,"3,435",5.8,59.6,33.1,7.4,"5,760"
Orange,57.2,2.7,1.6,11.3,7.7,21,12.8,"7,642",631,"8,273",7.6,53.3,38.7,8.1,"15,534"
Orange - North,61.7,3.4,2.1,13.5,9.1,24.7,9,"9,304",540,"9,844",5.5,65.8,29,5.2,"14,968"
Orange Region,61.3,3,1.5,12.1,9.1,24.5,11.1,"5,548",210,"5,758",3.6,63.6,29.5,7,"9,056"
Grafton,53.8,1.1,1,7,6.5,23.9,14.3,"6,499",731,"7,230",10.1,47.6,45.8,6.6,"15,191"
Grafton Region,55.8,1.4,1.2,6.6,7.2,25.8,13.6,"5,610",561,"6,171",9.1,48.2,43.2,8.6,"12,801"
Maclean - Yamba - Iluka,57.1,1.6,1.4,8.5,7.7,24.8,13.2,"5,308",439,"5,747",7.6,40.9,51.8,7.3,"14,045"
Bellingen,67.5,4.4,2.8,17.2,11.1,21.3,10.9,"2,256",176,"2,432",7.2,53.2,40.1,6.6,"4,568"
Coffs Harbour - North,57.2,1.7,1.2,9.8,9.1,23.4,12,"6,840",565,"7,405",7.6,51.9,40,8,"14,255"
Coffs Harbour - South,61,2.2,1.2,10.8,8.3,21.4,16.9,"3,982",307,"4,289",7.2,49.4,38.6,12,"8,685"
Coramba - Nana Glen - Bucca,64.2,2.5,1.8,10.2,9.6,27.7,12.3,"1,735",116,"1,851",6.3,60.4,31.5,8.4,"3,065"
Dorrigo,55.2,1.7,1.8,9.4,7,22.5,13.2,"1,184",106,"1,290",8.2,47.3,43.6,8.9,"2,726"
Korora - Emerald Beach,67.2,3.5,2.2,15.9,11.4,25.4,9,"4,013",231,"4,244",5.4,61.1,33.2,5.6,"6,945"
Sawtell - Boambee,58.5,2.1,1.7,11,8.9,25.3,9.6,"8,004",689,"8,693",7.9,54.9,39.7,5.5,"15,841"
Urunga,59.7,2.1,1.6,10.7,8.2,24.8,12.1,"1,780",137,"1,917",7.1,47.7,45.3,7,"4,018"
Woolgoolga - Arrawarra,57.3,1.6,1.6,10.8,8.7,22.5,12.1,"4,863",404,"5,267",7.7,51.2,40.8,8,"10,280"
Bourke - Brewarrina,53.7,1.2,0.6,7.3,6.5,15.2,22.9,"1,414",149,"1,563",9.5,50.9,33.1,16,"3,072"
Cobar,54.1,1.5,0.9,6.9,4.8,23.6,16.6,"2,017",124,"2,141",5.8,59.1,29,11.9,"3,624"
Coonamble,51.8,0.9,0.6,6.8,5.2,17.3,20.9,"1,527",143,"1,670",8.6,51.3,32.7,16.2,"3,257"
Nyngan - Warren,49.8,1,0.9,7.4,5.7,19.2,16,"2,087",145,"2,232",6.5,56.3,33,10.7,"3,962"
Walgett - Lightning Ridge,48.9,1,0.7,6.9,6,16.3,17.9,"2,163",264,"2,427",10.9,47.4,40.3,12.3,"5,124"
Broken Hill,51.3,1.3,1.2,6,5.4,23,14.3,"6,902",668,"7,570",8.8,51.3,41.2,7.6,"14,767"
Far West,51.3,0.8,0.7,4.4,5.2,16.4,23.4,932,73,"1,005",7.3,49.6,35.3,14.7,"2,026"
Coonabarabran,52.4,1.2,1.1,7.4,5.9,20.9,15.8,"2,869",237,"3,106",7.6,47.5,42.6,9.9,"6,543"
Dubbo - East,56.5,2.3,1.8,10.1,6.8,24.5,11.1,"4,783",315,"5,098",6.2,62.1,30.7,7.2,"8,204"
Dubbo - South,59.5,2.7,1.7,12.8,7.6,23.8,10.9,"8,044",437,"8,481",5.2,62.9,30.4,6.7,"13,478"
Dubbo - West,55.6,1.9,1.1,9.3,7.5,23.3,12.5,"3,818",252,"4,070",6.2,60.2,31.4,8.4,"6,758"
Dubbo Region,62,1.5,1.4,11.2,7.8,26.4,13.7,"2,793",108,"2,901",3.7,65.5,25.7,8.9,"4,432"
Gilgandra,50,1,0.6,7.1,5.6,21.6,14.3,"1,853",114,"1,967",5.8,55.3,36.1,8.6,"3,555"
Narromine,52.1,0.7,0.8,8,6.4,21.8,14.4,"2,629",206,"2,835",7.3,55.3,34.5,10,"5,127"
Wellington,58.1,0.9,0.7,5.6,6,20,24.9,"2,879",290,"3,169",9.2,43.9,45.7,10.4,"7,223"
Branxton - Greta - Pokolbin,59.7,1.6,1.2,8.8,8.3,29.4,10.4,"4,775",293,"5,068",5.8,64.8,28.7,6.6,"7,824"
Cessnock,53.1,0.7,0.6,4.7,5.7,25.8,15.5,"7,790",878,"8,668",10.1,49.1,44.8,6.1,"17,637"
Cessnock Region,61.8,2.3,1.5,8.8,8.1,26.7,14.4,"3,312",210,"3,522",6,55.1,34.3,10.5,"6,388"
Dungog,58.7,1.9,1.3,8.9,9.1,25.8,12,"3,885",227,"4,112",5.5,56.2,36.2,7.7,"7,315"
Kurri Kurri - Abermain,49.7,0.6,0.5,4.1,5.5,28.1,10.8,"6,877",722,"7,599",9.5,54.2,39,6.8,"14,033"
Singleton,55.4,1.6,1,7.9,6.8,29.1,9.1,"7,570",560,"8,130",6.9,64.3,29.9,5.9,"12,640"
Singleton Region,61.5,1.3,0.8,7.6,7.1,27.2,17.2,"2,197",106,"2,303",4.6,58.9,28.1,13,"3,912"
Maitland,58.1,2.2,1.2,9.5,8.2,25.8,11.2,"2,941",253,"3,194",7.9,61.1,31.4,7.3,"5,229"
Maitland - East,57.9,2.4,1.5,10.5,9.3,25.4,8.9,"11,957",969,"12,926",7.5,59.4,35.2,5.4,"21,758"
Maitland - North,64.7,3.7,2.1,15.3,10.6,25.3,7.8,"3,713",161,"3,874",4.2,65.8,29.9,4.2,"5,884"
Maitland - West,54.7,1.4,0.9,6.9,7.5,28.7,9.3,"9,845",861,"10,706",8,61.8,32.9,5.3,"17,331"
Thornton - Millers Forest,56.3,1.9,1.4,8.8,9.5,29.5,5.2,"5,117",299,"5,416",5.5,70.2,26.9,2.9,"7,714"
Anna Bay,61.4,1.7,1.5,8.9,8.9,27.5,13,"2,375",164,"2,539",6.5,53,38.1,8.9,"4,787"
Lemon Tree Passage - Tanilba Bay,56.6,1.1,0.9,5.6,8.4,28.6,12.1,"2,282",221,"2,503",8.8,45.5,47.7,6.9,"5,497"
Nelson Bay Peninsula,62.3,2.5,1.4,9.7,10.1,25.5,13.1,"7,779",602,"8,381",7.2,46.9,45.7,7.4,"17,867"
Raymond Terrace,50.9,1,0.6,5.3,6.4,26.1,11.5,"5,264",583,"5,847",10,53.3,38.7,8,"10,968"
Seaham - Woodville,62.7,2.6,1.4,11.6,9.7,29.2,8.3,"2,769",127,"2,896",4.4,67,28.1,4.8,"4,325"
Tea Gardens - Hawks Nest,59.1,2,1.4,8.6,9.7,25.9,11.6,"1,412",130,"1,542",8.4,33.9,60.3,5.8,"4,555"
Williamtown - Medowie - Karuah,60.4,1.6,1,7.5,9.6,28.9,11.9,"6,072",377,"6,449",5.8,59.6,32.3,8.1,"10,817"
Muswellbrook,52.7,1.3,0.8,6.1,5.8,26.1,12.7,"4,860",519,"5,379",9.6,57.8,35.8,6.4,"9,305"
Muswellbrook Region,54,0.5,0.8,5.8,7.1,27.1,12.8,"1,868",81,"1,949",4.2,61.8,29.7,8.5,"3,153"
Scone,57.5,1.6,1.2,9.6,7.4,24.3,13.4,"2,641",122,"2,763",4.4,60,32.4,7.7,"4,605"
Scone Region,55.3,1,0.8,7.1,6.8,24.7,15,"3,656",197,"3,853",5.1,58.4,31.6,10,"6,597"
Dapto - Avondale,53.2,1.5,1.1,6.7,7.8,27.5,8.6,"9,656",801,"10,457",7.7,54.9,40.7,4.4,"19,047"
Horsley - Kembla Grange,60.1,2.7,1.4,9.6,10.8,28.5,7,"4,273",208,"4,481",4.6,68.1,29.6,2.4,"6,584"
Port Kembla Industrial,-,-,-,-,-,-,-,-,3,3,100,30,40,70,10
Unanderra - Mount Kembla,61.5,3.9,1.9,12.9,9.2,23.3,10.2,"7,039",457,"7,496",6.1,60,34,6,"12,496"
Berkeley - Lake Heights - Cringila,47.9,1.3,0.6,5.9,7.1,22.4,10.6,"5,007",519,"5,526",9.4,49.7,44.6,5.7,"11,108"
Port Kembla - Warrawong,48,1.7,0.7,6,6.5,21.1,12.1,"3,066",420,"3,486",12,43.6,49.4,7,"7,989"
Windang - Primbee,52.7,2,1,6,7.3,24.1,12.3,"1,587",132,"1,719",7.7,46.3,47.2,6.8,"3,711"
Illawarra Catchment Reserve,-,-,-,-,-,-,-,7,-,7,-,87.5,-,-,8
Albion Park - Macquarie Pass,58,1.7,1.2,7.9,9.1,30,8.1,"6,881",408,"7,289",5.6,65.2,31,3.8,"11,174"
Albion Park Rail,55.7,0.8,0.7,5.2,7.4,29,12.7,"2,906",228,"3,134",7.3,55.6,36.4,8,"5,634"
Kiama,66.3,5,2.8,15.5,11.8,21.5,9.9,"3,231",174,"3,405",5.1,51.8,41.9,6.4,"6,570"
Kiama Downs - Minnamurra,68.5,4.3,3.1,16.4,12,25.8,7.2,"2,746",138,"2,884",4.8,60.7,35.2,4,"4,754"
Kiama Hinterland - Gerringong,70.1,4.8,3.1,17.7,11.2,21,12,"3,478",119,"3,597",3.3,55.7,36.1,8.1,"6,454"
Shellharbour - Flinders,60.8,2.9,1.5,11.6,10.5,26.3,8,"8,041",472,"8,513",5.5,65.4,30,4.6,"13,018"
Shellharbour - Oak Flats,55.1,1.7,1.1,7.4,9.2,27,8.6,"4,435",322,"4,757",6.8,57.6,38,4.3,"8,256"
Warilla,50.8,1,0.8,5.3,6.9,24.6,12.2,"7,347",770,"8,117",9.5,48.4,44.2,7.3,"16,769"
Balgownie - Fairy Meadow,60.5,5.7,1.9,14.6,9.3,20.7,8.3,"9,030",708,"9,738",7.3,55.2,40.2,4.6,"17,636"
Corrimal - Tarrawanna - Bellambi,57.8,3.2,1.5,11,9.2,24,8.8,"6,596",520,"7,116",7.3,56,39.3,4.8,"12,718"
Figtree - Keiraville,63.1,7.3,2.4,17.2,9.5,20,6.7,"9,260",735,"9,995",7.4,58.4,37.9,3.8,"17,126"
Helensburgh,67.7,5.2,2.4,15.2,10.9,24.7,9.4,"4,636",176,"4,812",3.7,70,25.8,4.2,"6,871"
Thirroul - Austinmer - Coalcliff,72.6,10.2,3.8,21.8,10.8,18.4,7.5,"5,504",255,"5,759",4.4,64,31.4,4.7,"9,000"
Woonona - Bulli - Russell Vale,64,5.3,2.5,14.4,10.4,23.1,8.2,"9,070",443,"9,513",4.7,60.6,34.8,4.6,"15,693"
Wollongong - East,68.2,7.8,2.4,19.2,8.2,15.5,15.2,"6,314",558,"6,872",8.1,53.1,35.3,11.6,"12,939"
Wollongong - West,60.5,7.1,2,17.6,8.6,16.8,8.2,"7,234",825,"8,059",10.2,57,38,5,"14,149"
Bulahdelah - Stroud,52.3,1.4,1,6.4,7.5,24.1,12.1,"1,857",141,"1,998",7.1,50.4,42.8,6.9,"3,962"
Forster,56,1.5,1.2,8.1,8.2,23.8,13.1,"4,571",400,"4,971",8,40.5,51.8,7.6,"12,259"
Forster-Tuncurry Region,60.5,2.1,1,7.4,8.2,29,12.7,"2,023",197,"2,220",8.9,44,48.4,7.7,"5,047"
Tuncurry,52.3,0.6,0.8,4.6,6.6,24,15.9,"1,641",182,"1,823",10,32.7,59,8.3,"5,570"
Kempsey,55.3,0.8,0.7,5.1,5.3,23.1,20.4,"4,467",480,"4,947",9.7,41.7,48.1,10.3,"11,870"
Kempsey Region,57.3,1.4,1.1,7.6,7.3,25.9,14,"3,414",280,"3,694",7.6,48.5,42.6,8.9,"7,624"
Macksville - Scotts Head,56.1,1.4,1.2,7.5,7.1,25.2,13.7,"1,603",151,"1,754",8.6,44.4,47.4,8.1,"3,951"
Nambucca Heads,54.2,1,1.1,6.3,7,23.5,15.3,"1,833",232,"2,065",11.2,35.4,55.5,9.2,"5,832"
Nambucca Heads Region,58.9,1.6,1.5,9.5,7.9,26.2,12.4,"2,793",258,"3,051",8.5,48.7,43.4,7.8,"6,259"
South West Rocks,54.9,1.1,0.9,7.2,7.3,26.3,12.3,"1,588",136,"1,724",7.9,38.7,55.2,6.2,"4,451"
Lord Howe Island,68.2,2.1,-,12.5,8.9,30.9,14.4,225,3,228,1.3,69.7,21.4,9.8,327
Laurieton - Bonny Hills,58.5,1.6,1.3,8.3,8.5,26.6,12.2,"5,492",453,"5,945",7.6,41.4,51.9,6.7,"14,367"
Port Macquarie - East,62.3,3,2.1,12.8,10.2,23.6,10.6,"11,502",792,"12,294",6.4,53.1,41.4,5.5,"23,143"
Port Macquarie - West,56.2,1.7,0.9,8,8.9,23.3,13.3,"6,123",432,"6,555",6.6,44.7,47.9,7.4,"14,658"
Port Macquarie Region,62.3,1.6,1.7,8.9,8.8,27.3,14.2,"2,295",131,"2,426",5.4,54.9,34.5,10.5,"4,419"
Wauchope,57.2,1.1,1.2,7.9,7.8,27,12.1,"4,242",338,"4,580",7.4,51.6,42,6.4,"8,878"
Gloucester,53.7,1,1.4,8.1,7.6,23.3,12.2,"1,815",144,"1,959",7.4,46.5,46.6,6.8,"4,217"
Old Bar - Manning Point - Red Head,62.4,2.4,1.9,10.3,9.8,27.1,11,"3,874",329,"4,203",7.8,48,46.3,5.8,"8,765"
Taree,52.3,1,1,6,7.1,23.6,13.6,"6,628",803,"7,431",10.8,44.2,48.2,7.5,"16,799"
Taree Region,56.9,1.3,1.2,7,7.8,25.8,13.8,"4,294",447,"4,741",9.4,44.5,47.3,8.2,"10,665"
Wingham,50.8,0.9,1,6.1,6.2,24.9,11.7,"1,868",200,"2,068",9.7,46.7,47.1,6.3,"4,428"
Albury - East,62.7,3,2.6,14.4,9.9,24.8,8.1,"7,429",392,"7,821",5,66.1,28.8,5.1,"11,833"
Albury - North,57.1,1.7,1.8,9.1,7.8,25.3,11.5,"4,233",365,"4,598",7.9,57.5,34.3,8.3,"7,998"
Albury - South,63.8,4.4,2.9,15.4,9.2,18.7,13.1,"4,676",317,"4,993",6.3,57.5,33.2,9.4,"8,688"
Albury Region,57.8,1.7,1.4,9.5,9,24.6,11.6,"5,282",235,"5,517",4.3,60.9,32,7,"9,054"
Lavington,53.3,1.3,1,6.4,6.9,25.5,12.2,"5,809",585,"6,394",9.1,53.8,38.6,7.6,"11,890"
Hay,49.2,0.7,0.7,6,6.3,18.9,16.7,"1,310",62,"1,372",4.5,55.9,31.5,12.6,"2,453"
Wentworth - Buronga,54,0.9,1.2,7.2,6.9,21.6,16.2,"2,377",168,"2,545",6.6,52.8,36.8,10.4,"4,817"
Wentworth-Balranald Region,48.6,0.9,0.7,5.9,5.2,18.8,17.4,"1,610",79,"1,689",4.7,57.9,29.1,13.1,"2,916"
Corowa,53.6,1,1,6.6,6.7,24.3,14.1,"2,211",138,"2,349",5.9,51.3,40.7,8.1,"4,583"
Corowa Region,52.9,1,1,6.5,6.8,23,14.6,"2,747",115,"2,862",4,51.6,38.7,9.5,"5,543"
Deniliquin,54.1,1.3,1.1,7.2,6.5,22.1,15.7,"3,092",185,"3,277",5.6,53.2,37.1,9.8,"6,160"
Deniliquin Region,51.6,0.9,0.8,7.5,7.6,19.8,14.9,"3,052",105,"3,157",3.3,56.9,33.5,9.7,"5,553"
Moama,53.7,1.2,1.4,9.1,7.4,22,12.2,"2,441",101,"2,542",4,52.7,39.8,7.5,"4,823"
Tocumwal - Finley - Jerilderie,53.4,0.8,0.9,7.2,6.6,21.9,16.1,"3,827",188,"4,015",4.7,49.9,39.7,10.4,"8,040"
Armidale,61.5,8.4,2.7,14.7,7.2,17.2,11.3,"9,636",876,"10,512",8.3,54.7,37.5,7.8,"19,225"
Armidale Region - North,55.2,2.7,1.3,10.2,7.1,20.9,13.1,"2,043",105,"2,148",4.9,60.2,31.3,8.4,"3,571"
Armidale Region - South,62.7,4.3,1.9,11.8,9.1,23.7,11.6,"2,739",140,"2,879",4.9,59.1,34.4,6.7,"4,875"
Walcha,56.1,1.2,1.3,8.7,7.7,20.8,16.8,"1,467",48,"1,515",3.2,57,31.3,11.8,"2,660"
Glen Innes,54.6,1.2,0.9,6.8,7.1,21.6,17,"3,224",283,"3,507",8.1,47.9,42.8,9.3,"7,322"
Inverell,51.9,0.8,1,7.7,6.1,23.8,12.5,"4,536",371,"4,907",7.6,52.8,40.3,7,"9,286"
Inverell Region - East,51.8,0.8,0.8,5.2,6.4,21.4,17.2,"1,861",172,"2,033",8.5,47.9,40.7,11.4,"4,245"
Inverell Region - West,50.8,0.7,0.9,7,6.4,20.2,15.7,"2,363",133,"2,496",5.3,51.4,38.6,10.2,"4,860"
Tenterfield,54.4,1.1,1.1,7.1,6.7,21.8,16.5,"2,361",200,"2,561",7.8,45.8,42.7,11.6,"5,591"
Moree,54.7,1.2,0.9,8.1,6.1,20,18.4,"3,295",271,"3,566",7.6,55,32.2,12.7,"6,481"
Moree Region,52.1,0.8,1.3,8.2,7.2,16.9,17.5,"2,485",113,"2,598",4.3,62.2,25.7,12,"4,177"
Narrabri,53.9,1.7,1.1,7.8,5.9,22.4,14.9,"3,155",202,"3,357",6,59.4,30.4,10.3,"5,656"
Narrabri Region,51.8,0.7,0.9,8.2,5.9,18.5,17.4,"2,071",126,"2,197",5.7,58.8,28.5,12.8,"3,736"
Gunnedah,53.1,1.4,1.1,7.7,6.1,23.9,12.7,"3,888",245,"4,133",5.9,57.1,35.2,7.8,"7,241"
Gunnedah Region,52.9,0.5,0.9,7.6,7.5,21.7,14.9,"1,920",109,"2,029",5.4,60.8,30.1,9.4,"3,336"
Quirindi,50.5,0.8,0.8,6.2,6.4,21.3,15,"3,015",241,"3,256",7.4,52.2,38.7,9.3,"6,243"
Tamworth - East,55.6,1.6,1.3,8.3,8.1,24.4,11.9,"9,109",558,"9,667",5.8,59.1,33.6,7.3,"16,351"
Tamworth - North,60.6,2.9,2,13,8.1,21.9,12.6,"6,652",405,"7,057",5.7,57.8,34.8,7.5,"12,218"
Tamworth - West,49.5,0.6,0.4,4.6,4.8,23.1,16.1,"1,940",244,"2,184",11.2,54.2,35,10.7,"4,027"
Tamworth Region,57.5,1.5,1.2,8.7,8,25,13.2,"8,215",397,"8,612",4.6,58.1,33.5,8.3,"14,812"
Belmont - Bennetts Green,58.8,1.9,1.3,10.6,8.7,27,9.2,"7,657",565,"8,222",6.9,56.7,38.3,5,"14,496"
Belmont South - Blacksmiths,53.4,1.2,1,7.4,7.7,27.2,9.1,"2,241",206,"2,447",8.4,51.4,43.9,4.6,"4,758"
Charlestown - Dudley,61.5,3.5,1.8,15,9.4,24.3,7.7,"11,064",703,"11,767",6,60.7,34.9,4.4,"19,379"
Glendale - Cardiff - Hillsborough,59.5,3.3,1.7,12.7,8.7,25.5,7.7,"10,899",773,"11,672",6.6,61.9,34.1,4,"18,851"
Mount Hutton - Windale,49.9,1.3,1,6.4,7,22.9,11.3,"3,250",330,"3,580",9.2,50.1,43.8,6.3,"7,151"
Redhead,62.4,3.8,2.2,15,9.3,22.5,9.9,"1,510",87,"1,597",5.4,55.8,38.3,6.1,"2,864"
Swansea - Caves Beach,57.5,2.2,1.7,9.8,8.3,26.2,9.3,"4,619",374,"4,993",7.5,51.4,43.9,4.7,"9,710"
Valentine - Eleebana,66.1,4.9,2.3,17.7,11.4,23.3,6.5,"5,628",326,"5,954",5.5,61.1,35.7,3.3,"9,750"
Warners Bay - Boolaroo,60.6,3.1,1.8,13.3,10,24.1,8.3,"6,103",408,"6,511",6.3,58.8,37,4.3,"11,080"
Bolton Point - Teralba,55.8,1.6,1.3,7.9,7.7,26.2,11.1,"3,315",385,"3,700",10.4,52.4,40.4,7.2,"7,065"
Bonnells Bay - Silverwater,60.6,2.8,1.6,9.9,10.5,27.4,8.5,"3,596",295,"3,891",7.6,54.9,41.1,4,"7,092"
Edgeworth - Cameron Park,55.9,2,1,8.8,8.2,27.9,8,"6,708",388,"7,096",5.5,65.3,29.9,4.8,"10,864"
Morisset - Cooranbong,59.4,3.1,1.3,9.5,8.7,24.7,12,"5,661",449,"6,110",7.3,48.5,45.8,5.7,"12,598"
Toronto - Awaba,58.2,3.1,1.3,10.7,8.6,24.2,10.3,"5,288",454,"5,742",7.9,50.9,43.3,5.7,"11,288"
Wangi Wangi - Rathmines,62.3,2.7,1.8,10.7,11,28.8,7.2,"3,763",287,"4,050",7.1,54.3,42,3.7,"7,456"
West Wallsend - Barnsley - Killingworth,53.7,1.2,0.8,5.8,7.1,32,6.9,"3,006",234,"3,240",7.2,62.7,33.3,4,"5,166"
Adamstown - Kotara,64.2,5,2.3,18.5,10.5,22,6,"7,608",473,"8,081",5.9,64.7,32.5,2.8,"12,492"
Beresfield - Hexham,45.6,0.8,0.5,4.3,5.6,24.7,9.8,"3,185",404,"3,589",11.3,52.7,41.6,5.7,"6,810"
Hamilton - Broadmeadow,64,5.8,2.6,19.6,8.6,17.8,9.6,"5,674",465,"6,139",7.6,61.2,32.3,6.5,"10,034"
Lambton - New Lambton,63.7,5.7,2.5,18.4,9.9,20.3,7,"7,987",468,"8,455",5.5,63.8,32.3,3.9,"13,260"
Maryland - Fletcher - Minmi,57.5,3.5,1.4,11.5,8.9,26.5,5.7,"6,696",444,"7,140",6.2,69.5,27.6,2.9,"10,280"
Mayfield - Warabrook,60.4,4.3,1.5,14.5,8.7,21.7,9.8,"6,939",648,"7,587",8.5,60.2,32.9,6.9,"12,609"
Merewether - The Junction,69.9,7.3,2.8,24.6,10.4,17.1,7.6,"7,187",304,"7,491",4.1,66.6,28.5,4.9,"11,252"
Newcastle - Cooks Hill,73.1,10.1,2.9,26.6,8.5,14,11.1,"5,975",363,"6,338",5.7,65.2,26.1,8.7,"9,726"
Newcastle Port - Kooragang,-,-,-,-,-,-,-,4,-,4,-,33.3,83.3,-,12
Shortland - Jesmond,47.7,4.5,0.8,10.6,6,17,8.8,"4,213",796,"5,009",15.9,50.3,43.8,5.9,"9,956"
Stockton - Fullerton Cove,62.6,2.7,1.3,9.9,7.9,24.2,16.8,"2,729",193,"2,922",6.6,45.4,41.8,12.8,"6,442"
Wallsend - Elermore Vale,57.8,3.5,1.2,12,8.3,23,9.8,"8,234",740,"8,974",8.2,55.2,39.3,5.6,"16,270"
Waratah - North Lambton,61.4,3.8,1.8,14.5,8.3,21.5,11.7,"5,473",537,"6,010",8.9,59.1,32.2,8.8,"10,177"
Wickham - Carrington - Tighes Hill,68.2,6.3,2.7,21.1,9.3,19.7,9,"4,231",298,"4,529",6.6,66.6,27.1,6.3,"6,803"
Ballina,59.1,2,1.6,10.6,8.6,22.2,14.1,"6,346",440,"6,786",6.5,45.8,44.7,9.5,"14,801"
Ballina Region,63.5,3.2,2.3,14,10,23.1,10.9,"7,280",434,"7,714",5.6,56.2,37.1,6.7,"13,726"
Bangalow,70.6,5.1,2.4,19.5,11.5,17.1,15.2,"2,582",130,"2,712",4.8,58.9,29.6,11.6,"4,603"
Brunswick Heads - Ocean Shores,67.4,3.6,2.5,14.9,11.3,21.8,13.4,"3,454",294,"3,748",7.8,54.8,35.9,9.2,"6,835"
Byron Bay,72.1,4.4,2.3,19.1,9.6,17.4,19.2,"4,307",267,"4,574",5.8,56.1,27.8,16.1,"8,147"
Evans Head,55.6,1.5,1,7.5,6.9,25,13.8,"1,944",151,"2,095",7.2,47.8,43,9.2,"4,381"
Lennox Head - Skennars Head,68,5.3,3,19.8,10.7,20.6,8.7,"3,793",208,"4,001",5.2,64.1,30.6,5.5,"6,242"
Mullumbimby,67.8,3.8,2,15.8,10.6,18.8,16.7,"3,143",255,"3,398",7.5,52,35.3,12.8,"6,540"
Casino,47.5,0.7,0.6,5,5.2,23.4,12.5,"4,209",402,"4,611",8.7,47.4,45.2,7.3,"9,736"
Casino Region,52.5,0.8,1,6.1,6.5,24.2,14,"2,679",196,"2,875",6.8,50.5,40,9.5,"5,689"
Goonellabah,59,2.1,1.5,11.9,7.6,24.6,11.3,"5,474",402,"5,876",6.8,55.1,37.7,7.2,"10,658"
Kyogle,54.4,1.4,1.4,8.5,7.5,21.9,13.6,"2,658",257,"2,915",8.8,47.8,43.2,9.1,"6,096"
Lismore,58.4,2.7,1.9,11.7,7,22.6,12.4,"6,029",682,"6,711",10.2,52.9,38.2,8.9,"12,686"
Lismore Region,65.6,3.5,2.6,14.6,9.8,22.7,12.4,"6,807",450,"7,257",6.2,58.8,32.7,8.5,"12,334"
Kingscliff - Fingal Head,62.5,3.1,2,13.6,10,21.1,12.7,"5,476",358,"5,834",6.1,54.4,37,8.7,"10,732"
Murwillumbah,57.2,1.7,1.5,8.9,8.1,23.7,13.4,"3,244",276,"3,520",7.8,48.5,43,8.4,"7,253"
Murwillumbah Region,63.1,2.4,2,11.4,9.5,22.9,14.8,"3,933",288,"4,221",6.8,52.9,36.8,10.3,"7,978"
Pottsville,61.4,2.4,1.9,11.8,9.2,25,11.2,"5,483",387,"5,870",6.6,56.3,36,7.6,"10,433"
Tweed Heads,57.1,1.9,1.2,8.5,8.3,23,14.2,"7,267",653,"7,920",8.2,47.2,44,8.9,"16,796"
Banora Point,53.8,1.4,1.3,8.3,9,23.8,10.1,"6,221",419,"6,640",6.3,50.3,44.6,5.1,"13,195"
Terranora - North Tumblegum,60.9,2.5,2,13.4,10.2,25.4,7,"1,538",105,"1,643",6.4,64.2,32.1,3.9,"2,560"
Tweed Heads South,50.5,0.9,0.8,5.8,7.1,22.6,13.3,"2,569",234,"2,803",8.3,39.5,53.4,7.2,"7,098"
Griffith (NSW),52.5,1.6,1,8.4,6.1,20.5,15.1,"8,499",475,"8,974",5.3,59,30.5,10.6,"15,205"
Griffith Region,50.5,0.9,0.9,7.5,5.7,21.2,14.4,"6,222",245,"6,467",3.8,64,26.1,9.8,"10,105"
Leeton,51.7,1.1,0.9,7.6,5.5,22,14.5,"4,264",230,"4,494",5.1,55.9,34.9,9.3,"8,038"
Narrandera,52,0.9,1.1,6.6,5.9,20.2,17.6,"2,405",148,"2,553",5.8,52.6,36.4,10.9,"4,854"
Tumbarumba,55.3,1.1,1.2,6.6,6.8,21.7,18.2,"1,459",69,"1,528",4.5,52.9,39.3,8,"2,886"
Tumut,54.1,1,0.8,7.5,6.7,22,16.1,"2,482",172,"2,654",6.5,52.2,36.4,11.3,"5,082"
Tumut Region,55.1,1.1,1.1,8.3,7.8,23.7,13.2,"2,073",97,"2,170",4.5,56.2,35.5,8.2,"3,859"
Cootamundra,52.7,1.1,1,7,7.6,23.1,13,"2,806",184,"2,990",6.2,47.7,45.3,7,"6,270"
Gundagai,50.6,1,0.7,7.4,6,21.6,13.8,"1,582",73,"1,655",4.4,57.6,34.2,8.2,"2,873"
Junee,62,0.9,0.7,6.2,5.3,20.2,28.6,"2,290",116,"2,406",4.8,46.8,44.9,8.3,"5,139"
Temora,49.8,0.7,1.1,7.8,5.8,22.5,12,"2,715",142,"2,857",5,52.5,40.7,6.9,"5,445"
Wagga Wagga - East,60,3.3,2,12.8,8.6,25.1,8.2,"7,910",388,"8,298",4.7,63.4,31.9,4.8,"13,085"
Wagga Wagga - North,58.3,3.9,1.6,14.8,7.6,21.4,8.9,"2,204",132,"2,336",5.7,65.3,29.5,5.3,"3,579"
Wagga Wagga - South,56.7,2.3,1.6,11.4,7.8,25.1,8.7,"9,964",628,"10,592",5.9,63.8,31.1,5.1,"16,604"
Wagga Wagga - West,57.8,3.6,1.5,12.7,6.4,21.7,12,"5,613",433,"6,046",7.2,59.3,32.2,8.5,"10,193"
Wagga Wagga Region,57.9,1.7,1.2,9.5,7.5,25.3,12.8,"6,972",297,"7,269",4.1,62.5,28.7,8.9,"11,636"
Berry - Kangaroo Valley,66.6,4.4,2.3,14,10.4,22,13.4,"3,452",107,"3,559",3,47.1,44.9,7.9,"7,553"
Callala Bay - Currarong,60.1,2.1,1.3,8.7,8.8,26.7,12.2,"1,261",98,"1,359",7.2,43.8,48.9,7,"3,104"
Culburra Beach,56.6,1.6,1.7,6.9,7.5,26,13.2,"1,730",139,"1,869",7.4,43.3,48.6,8.1,"4,316"
Ettrema - Sassafras - Budawang,92.9,-,-,26.2,11.9,42.9,23.8,24,3,27,11.1,64.3,23.8,21.4,42
Huskisson - Vincentia,66.7,5.5,2.9,13.7,10.2,23.3,11.3,"1,675",89,"1,764",5,48.4,45,6.6,"3,644"
North Nowra - Bomaderry,61.2,2.3,1.9,10.1,9.9,25.6,11.4,"6,446",390,"6,836",5.7,53.1,40.1,6.9,"12,881"
Nowra,59.1,1.4,1.1,6.2,7.6,24.8,18,"7,161",659,"7,820",8.4,48.7,42.1,9.1,"16,048"
St Georges Basin - Erowal Bay,53.7,1,1,5,7.7,27,11.9,"4,491",436,"4,927",8.8,42.3,50.7,7,"11,657"
Sussex Inlet - Berrara,54.1,1.1,0.9,5.3,6.5,28.6,11.8,"1,226",100,"1,326",7.5,34.4,60,5.7,"3,858"
Tomerong - Wandandian - Woollamia,64.3,2.5,1.9,9.4,9,31.2,10.4,"1,587",68,"1,655",4.1,58.4,35.5,6.2,"2,834"
Ulladulla,58.1,1.9,1.7,8.3,8.1,25.3,12.7,"5,336",364,"5,700",6.4,44.1,48.2,7.7,"12,925"
Ulladulla Region,63.5,2.8,1.8,9.1,8.4,29.2,12.4,"1,882",133,"2,015",6.6,46.5,45.7,7.8,"4,337"
Bowral,66.7,6.1,2.8,17.3,12.2,17.5,10.8,"4,972",205,"5,177",4,47.4,46.7,5.8,"10,929"
Hill Top - Colo Vale,57.3,1.7,1.4,7.3,8.9,29.5,8.6,"2,906",131,"3,037",4.3,65,29.8,5.2,"4,674"
Mittagong,62.9,4.3,1.8,12.5,9.4,22.2,12.8,"3,951",148,"4,099",3.6,54.8,36.5,8.7,"7,483"
Moss Vale - Berrima,59.6,3.4,1.9,11.3,8.8,23.7,10.5,"4,283",163,"4,446",3.7,55.7,38.1,6.2,"7,986"
Robertson - Fitzroy Falls,69.4,5.5,2,15.5,10.7,24.2,11.6,"1,617",52,"1,669",3.1,58.6,32.9,8.5,"2,850"
Southern Highlands,67.9,4.8,2.6,16,10.9,22.3,11.2,"2,901",105,"3,006",3.5,54.1,38.6,7.1,"5,555"
Baulkham Hills (East),68.1,10.1,2.3,22.4,10.7,15.4,7.1,"11,196",583,"11,779",4.9,65.7,31,3.3,"17,923"
Baulkham Hills (West) - Bella Vista,67,9.7,2.2,23.7,11.7,14.5,5.2,"10,591",574,"11,165",5.1,69.2,28.5,2.4,"16,144"
Glenhaven,65.9,5.7,2.5,21.5,12.7,16.5,7.1,"3,001",122,"3,123",3.9,61,35.8,3.1,"5,117"
West Pennant Hills,68.3,11.4,2.5,28.1,9.9,11.4,4.9,"6,531",314,"6,845",4.6,65.6,32.2,2.2,"10,437"
Castle Hill - Central,68.5,10,2.3,24.8,11.3,14,6.2,"3,820",189,"4,009",4.7,66.4,30.4,3.1,"6,037"
Castle Hill - East,68.4,8.5,2.2,21.8,9.2,10.1,16.7,"2,168",113,"2,281",5,47.5,39.4,13,"4,798"
Castle Hill - North,66.6,9.2,2.5,23.1,11.5,14.2,6.1,"5,915",327,"6,242",5.2,65.2,31.8,3,"9,573"
Castle Hill - South,68.5,9.7,2.5,25.5,11.3,13.5,5.9,"4,746",251,"4,997",5,66.3,30.8,3,"7,541"
Castle Hill - West,66.1,11,1.8,24.9,10.8,12.1,5.6,"2,754",152,"2,906",5.2,70.5,27.1,2.4,"4,122"
Cherrybrook,68.9,11.8,3.1,27,10.8,10.2,5.9,"9,350",526,"9,876",5.3,64.4,33,2.6,"15,336"
Kellyville,65.1,8.3,2,21.9,11.4,15.8,5.6,"12,143",568,"12,711",4.5,71.7,25.4,2.8,"17,719"
Dural - Kenthurst - Wisemans Ferry,63.3,5,1.8,17,10.6,20.3,8.7,"10,568",353,"10,921",3.2,64.1,30.8,5,"17,031"
Galston - Laughtondale,66.2,5.4,2.1,16.8,11.9,21.9,8.1,"2,552",94,"2,646",3.6,62.4,33,4.6,"4,237"
Bilpin - Colo - St Albans,67.3,3.4,1.7,9.5,8.7,25.6,18.1,"1,214",69,"1,283",5.4,57.2,28.6,14,"2,243"
Kurrajong Heights - Ebenezer,62.7,2.8,1.7,10.6,10.4,27.9,9.2,"11,418",410,"11,828",3.5,67.7,26.1,6.2,"17,471"
Pitt Town - McGraths Hill,58.7,2.1,1.2,9.1,9.5,28.8,8.1,"5,504",158,"5,662",2.8,68.6,26.4,5,"8,256"
Rouse Hill - Beaumont Hills,64.5,6.9,1.9,21,11.4,17.4,5.9,"11,849",519,"12,368",4.2,73.6,23.2,3.2,"16,803"
Blacktown (East) - Kings Park,61.2,8.1,1.2,17.2,9.8,15.5,9.4,"7,824",668,"8,492",7.9,63,30.9,6.2,"13,481"
Blacktown (North) - Marayong,53.8,4.7,0.9,13.5,8.7,18,8,"7,938",706,"8,644",8.2,60.4,35.2,4.5,"14,315"
Doonside - Woodcroft,56.6,5.7,1.1,18.8,8.4,14.5,8,"10,249",858,"11,107",7.7,62.3,33.5,4.3,"17,831"
Lalor Park - Kings Langley,58.8,4.8,1.6,14.1,9.4,19.6,9.4,"11,754",744,"12,498",6,62.7,32.3,5,"19,921"
Seven Hills - Toongabbie,57.6,6.5,1.3,15.6,9.1,16.3,8.8,"11,013",790,"11,803",6.7,61.6,33,5.4,"19,168"
Blacktown (South),54.6,5.1,1,14.3,9,16.5,8.8,"5,443",484,"5,927",8.2,60.9,33.8,5.2,"9,725"
Blacktown (West),54.8,5,1,14.2,9,17.1,8.5,"7,275",560,"7,835",7.1,61,34.3,4.6,"12,839"
Glenwood,62.7,9.5,1.6,22.7,10.1,13.7,5.1,"8,390",542,"8,932",6.1,72.1,26,1.9,"12,380"
Parklea - Kellyville Ridge,69.4,9.4,1.9,23.2,10.7,14.1,10,"16,081",809,"16,890",4.8,70.9,25.7,3.4,"23,822"
Riverstone - Marsden Park,59.7,5.3,1.2,15.1,8.3,19.8,9.9,"8,411",473,"8,884",5.3,66.2,26.7,7,"13,410"
Acacia Gardens,64.9,7.9,1.8,22.4,10.3,17.3,5.3,"2,070",108,"2,178",5,75.2,22.4,2.6,"2,897"
Quakers Hill,62.4,7.2,1.8,19.1,10.4,18.1,5.8,"11,896",759,"12,655",6,72.4,24.5,3.1,"17,490"
Bidwill - Hebersham - Emerton,41.8,1.1,0.3,4.9,5.3,16.8,13.2,"5,760",872,"6,632",13.1,48.1,42.9,9,"13,786"
Glendenning - Dean Park,55.4,4.1,0.9,14.3,9.4,18.9,7.8,"3,909",296,"4,205",7,67,29.3,3.8,"6,276"
Hassall Grove - Plumpton,53.2,3.2,0.8,14.8,8.9,18.1,7.5,"9,784",750,"10,534",7.1,66.3,29.2,4.5,"15,899"
Lethbridge Park - Tregear,47.3,2.9,0.5,7.6,6.1,16.6,13.7,"7,070",853,"7,923",10.8,52.1,39,8.9,"15,210"
Mount Druitt - Whalan,50.3,4,0.7,12,7.6,15.8,10.2,"7,946",995,"8,941",11.1,52.5,41.2,6.4,"17,043"
Prospect Reservoir,68.4,-,-,-,-,26.3,31.6,18,-,18,-,47.4,-,31.6,38
Rooty Hill - Minchinbury,53.8,3.4,0.9,15.7,8.3,17.9,7.5,"9,851",727,"10,578",6.9,63,32.8,4.2,"16,786"
Banksmeadow,42.9,-,-,14.3,-,19,14.3,15,-,15,-,71.4,-,-,21
Botany,63.1,5.9,1.5,16.1,10.4,17.8,11.3,"5,633",229,"5,862",3.9,68.2,23.4,8.4,"8,592"
Mascot - Eastlakes,60.6,8.3,1.3,20.6,8.8,12.4,9.1,"12,241",803,"13,044",6.2,63,31,6,"20,715"
Pagewood - Hillsdale - Daceyville,59.1,6.4,1.2,15.5,8.6,15.1,12.2,"5,061",325,"5,386",6,57.4,34.5,8.1,"9,379"
Port Botany Industrial,-,-,-,-,-,-,-,4,-,4,-,44.4,33.3,-,9
Sydney Airport,86.2,8.6,-,12.1,-,10.3,55.2,23,-,23,-,39.7,10.3,55.2,58
Marrickville,65,9.3,2.6,23.6,8.2,10.8,10.6,"13,905",820,"14,725",5.6,64.7,27.8,7.5,"22,760"
Petersham - Stanmore,74.3,12,3.4,28.6,9,10.2,11.1,"11,836",532,"12,368",4.3,70.6,20.1,9.3,"17,522"
Sydenham - Tempe - St Peters,65.9,8.4,2.8,23.3,9.5,12.9,8.8,"4,532",217,"4,749",4.6,71.2,22.1,6.7,"6,672"
Darlinghurst,82,13.4,2.7,32.5,8.2,6.8,18.4,"7,118",341,"7,459",4.6,69.2,14.6,16.2,"10,778"
Erskineville - Alexandria,79.8,14.1,3.6,33.2,9.3,9.4,10.2,"11,056",400,"11,456",3.5,79.1,12.4,8.5,"14,483"
Glebe - Forest Lodge,75,14.9,2.9,29.8,7.7,7.2,12.6,"10,673",716,"11,389",6.3,63.7,25.9,10.3,"17,872"
Newtown - Camperdown - Darlington,72.4,12.8,3.1,31.5,7,7.3,10.7,"14,582",948,"15,530",6.1,68.4,22.5,9.1,"22,709"
Potts Point - Woolloomooloo,82,12,2.6,27,8,8.2,24.3,"12,236",542,"12,778",4.2,62.6,15.2,22.2,"20,413"
Pyrmont - Ultimo,73,12.4,1.9,30.8,8.6,6.3,13,"11,495",947,"12,442",7.6,61.9,27.7,10.4,"20,090"
Redfern - Chippendale,72.4,11.6,2.2,29.6,7.6,7.1,14.3,"11,695",957,"12,652",7.6,59.6,28.6,11.8,"21,229"
Surry Hills,78.4,12.6,2.5,31.4,8.7,7.5,15.7,"10,182",491,"10,673",4.6,68.4,18.6,13,"15,606"
Sydney - Haymarket - The Rocks,73.6,10.8,1.2,27.8,10.9,4.9,17.9,"15,124","1,046","16,170",6.5,61.8,23.6,14.6,"26,159"
Waterloo - Beaconsfield,69.2,11.5,1.9,25.6,8.1,9,13,"17,051","1,279","18,330",7,60.6,29.2,10.2,"30,235"
Bondi - Tamarama - Bronte,78.1,11.7,2.4,31.2,9.5,9.7,13.8,"10,413",406,"10,819",3.8,69.4,20.1,10.5,"15,587"
Bondi Beach - North Bondi,78.9,10.7,2.6,32.5,8.8,8.8,15.4,"11,873",455,"12,328",3.7,70.3,17.4,12.4,"17,544"
Bondi Junction - Waverly,76.4,11.2,2.4,29.3,8.7,8.4,16.2,"8,633",370,"9,003",4.1,62.8,24.4,12.8,"14,331"
Centennial Park,-,-,-,-,-,-,-,-,-,-,-,-,-,-,-
Double Bay - Bellevue Hill,76.3,12.7,2.6,32.4,8.6,6.7,13.3,"12,832",433,"13,265",3.3,62.3,27.5,10.2,"21,296"
Dover Heights,73.9,10,2.3,30.8,10.7,9.9,10.1,"5,507",233,"5,740",4.1,66.4,27.4,6.2,"8,646"
Paddington - Moore Park,80.5,15.2,3.3,34.8,7.9,7,12.3,"9,000",312,"9,312",3.4,70.6,19.4,10,"13,199"
Rose Bay - Vaucluse - Watsons Bay,70.6,10.8,2.2,30.7,8.9,7.2,10.7,"5,388",214,"5,602",3.8,59.3,33.6,7.1,"9,439"
Woollahra,79.3,13.8,2.8,35.2,7.8,6,13.6,"3,959",133,"4,092",3.3,62.4,27,10.5,"6,553"
Coogee - Clovelly,76,12,3.1,29.4,9.1,10.8,11.7,"14,144",547,"14,691",3.7,69.1,21.9,8.9,"21,249"
Malabar - La Perouse - Chifley,64.3,5.9,1.3,14.1,8.4,15.4,19.2,"10,228",484,"10,712",4.5,53.4,38.8,7.8,"20,047"
Kensington (NSW),60.6,11.5,1.5,24.1,6.6,7,9.8,"6,528",782,"7,310",10.7,54.5,38.1,7.5,"13,418"
Kingsford,62.7,11.9,1.6,26.9,6.5,7.9,7.9,"6,368",746,"7,114",10.5,51.4,43.3,5.2,"13,838"
Maroubra - North,67.7,10.2,2.2,25.2,8.9,11.9,9.4,"4,795",213,"5,008",4.3,61,33.9,5.2,"8,208"
Maroubra - South,66.9,9.1,2.2,21.7,9.2,13.3,11.4,"4,969",261,"5,230",5,58.6,33.7,7.7,"8,930"
Maroubra - West,64.6,10.6,1.7,23.9,8.4,10.6,9.4,"4,684",344,"5,028",6.8,58.6,35.2,6.2,"8,579"
Randwick - North,76.3,12.5,3,30,9.3,11.3,10.2,"9,611",375,"9,986",3.8,70.3,22.4,7.3,"14,197"
Randwick - South,75.5,12.5,2.7,28.8,8.2,9.6,13.8,"6,954",292,"7,246",4,64.5,24.7,10.8,"11,228"
Bass Hill - Georges Hall,47.5,2.4,0.7,9.5,8.1,16.6,10.3,"7,683",738,"8,421",8.8,49.8,44.7,5.5,"16,922"
Chullora,66.5,8.3,1.8,23.6,11.6,10.1,11.9,430,22,452,4.9,63.4,26.6,9.8,713
Condell Park,48,2.8,0.8,11.7,8.2,15.6,8.8,"4,296",386,"4,682",8.2,54.1,40.4,5.6,"8,649"
Greenacre - Mount Lewis,47.4,3.5,0.8,11.2,7.7,13.9,10.3,"8,758",842,"9,600",8.8,48.8,45,6.3,"19,678"
Padstow,56.2,4.5,1.4,14.8,9.2,17.9,8.4,"7,556",497,"8,053",6.2,58.9,36.4,4.7,"13,677"
Panania - Milperra - Picnic Point,57.9,4,1.4,13.9,9.9,21.1,7.7,"12,211",658,"12,869",5.1,62.6,33.2,4.2,"20,559"
Revesby,55,4.2,1.1,14.7,9.1,17.3,8.6,"7,313",491,"7,804",6.3,59.4,35.6,5.1,"13,144"
Yagoona - Birrong,47,2.9,0.7,11.6,7.8,14.5,9.5,"7,532",804,"8,336",9.6,51.4,42.6,6,"16,214"
Bankstown - North,53.9,6.1,1,15.7,8.9,11.5,10.8,"5,941",719,"6,660",10.8,53,39.5,7.6,"12,577"
Bankstown - South,48.5,3.5,0.6,12.9,8.2,11.3,12,"5,602",687,"6,289",10.9,49.9,41,9.1,"12,606"
Belmore - Belfield,51.2,4.2,1,13.7,8.9,14.1,9.3,"7,987",623,"8,610",7.2,55.5,39,5.5,"15,510"
Canterbury (South) - Campsie,52.6,6.5,1.1,16.8,9,10.4,8.9,"13,768","1,296","15,064",8.6,58.3,36,5.7,"25,835"
Kingsgrove (North) - Earlwood,56.7,5.2,1.5,16.2,9.4,15.1,9.1,"10,682",546,"11,228",4.9,58.1,36.1,5.8,"19,318"
Punchbowl,46.3,3.7,0.6,11.2,7.9,12.7,10.1,"7,284",825,"8,109",10.2,50.4,43.3,6.3,"16,083"
Roselands,52.9,4.1,0.9,14.1,8.9,15.9,9.1,"5,642",441,"6,083",7.2,56.3,37.9,5.9,"10,812"
Lakemba,52.7,8.8,1.1,16.6,7,9.1,10.3,"5,669",884,"6,553",13.5,51.5,41.6,7,"12,734"
Wiley Park,55.2,8.2,1.2,16.9,8.6,9.6,10.6,"3,656",500,"4,156",12,53.7,38.5,7.7,"7,742"
Hurstville,58.4,10.9,1.1,21.2,8.6,8.3,8.3,"10,503","1,068","11,571",9.2,57.5,37.6,4.9,"20,135"
Mortdale - Penshurst,63.3,8.3,1.8,20.9,9.7,14.7,7.8,"12,081",715,"12,796",5.6,64.7,30.5,4.7,"19,780"
Narwee - Beverly Hills,54.9,5.8,1.2,17.3,9,12.8,8.7,"5,962",491,"6,453",7.6,56.4,39.1,4.4,"11,439"
Oatley - Hurstville Grove,65.7,8.6,2.4,23.3,10,15,6.6,"6,250",314,"6,564",4.8,63.2,33.4,3.4,"10,390"
Peakhurst - Lugarno,59.2,4.6,1.7,16,10.4,18.6,7.9,"8,228",397,"8,625",4.6,58.8,37.2,4.1,"14,674"
Riverwood,52.2,5.6,1,15,8.2,11.9,10.5,"4,368",470,"4,838",9.7,50.9,42.4,6.7,"9,507"
South Hurstville - Blakehurst,60.9,8.9,1.4,22.1,10.1,11.4,7,"11,248",850,"12,098",7,60.2,36,3.8,"20,107"
Arncliffe - Bardwell Valley,64.1,10,1.6,23.3,9.2,10.4,9.6,"10,990",781,"11,771",6.6,63.7,29.5,6.7,"18,470"
Bexley,58.5,6.7,1.2,17.8,9.4,12.9,10.5,"12,204",862,"13,066",6.6,60.1,33.2,6.7,"21,753"
Kingsgrove (South) - Bardwell Park,56,5.2,1.5,17.7,10,14.3,7.3,"5,752",342,"6,094",5.6,58.9,36.8,4.3,"10,350"
Kogarah,66,10.8,1.5,24.5,9.6,10.9,8.9,"5,761",433,"6,194",7,65.5,29.3,5.3,"9,455"
Kogarah Bay - Carlton - Allawah,61.6,7.9,1.5,20.8,10.6,13.2,7.7,"7,924",527,"8,451",6.2,63.7,31.6,4.7,"13,261"
Monterey - Brighton-le-Sands - Kyeemagh,60.5,5,1.3,16.3,10.3,15.4,12.2,"6,560",339,"6,899",4.9,58.8,33.3,7.9,"11,730"
Rockdale - Banksia,62.6,8.6,1.2,21.2,9.1,10.7,11.7,"10,103",791,"10,894",7.3,63.4,29.2,7.5,"17,182"
Sans Souci - Ramsgate,60.4,4.5,1.4,15.3,10.7,18.2,10.3,"7,468",368,"7,836",4.7,58.8,35,6.1,"13,319"
Concord - Mortlake - Cabarita,65.1,8.3,2.3,22.1,10.3,14.5,7.7,"10,817",477,"11,294",4.2,62.7,32.8,4.6,"18,005"
Concord West - North Strathfield,70.8,15.6,1.9,28.3,8.7,8,8.3,"12,491",960,"13,451",7.1,63.5,30.7,5.8,"21,181"
Drummoyne - Rodd Point,70.8,9.6,3,25.2,10,12.6,10.3,"9,554",344,"9,898",3.5,65.4,27.7,6.9,"15,145"
Five Dock - Abbotsford,67.2,8.3,2.6,22.2,10.1,13.9,10.1,"10,386",442,"10,828",4.1,64,29.6,6.4,"16,929"
Balmain,78.9,15.7,3.9,31.3,8.9,7.9,11.2,"8,376",347,"8,723",4,67.3,23.6,9.1,"12,952"
Leichhardt - Annandale,74.5,12.9,3.6,29.1,9.1,10.1,9.8,"14,468",621,"15,089",4.1,70.4,22.2,7.4,"21,437"
Lilyfield - Rozelle,74.8,12.9,3.4,28.7,9.4,10.1,10.2,"7,714",288,"8,002",3.6,70.1,21.9,7.9,"11,409"
Ashfield,67.6,11.4,2.3,25.5,9.1,9.2,10.2,"12,553",936,"13,489",6.9,62.8,30.4,6.8,"21,464"
Burwood - Croydon,61.4,11.1,1.7,24,8.5,7.9,8.2,"11,332","1,070","12,402",8.6,57.3,37.4,5.3,"21,644"
Canterbury (North) - Ashbury,63.5,8.7,2.7,21.1,9.6,13.3,8.1,"5,322",269,"5,591",4.8,64.3,30,5.7,"8,697"
Croydon Park - Enfield,60.2,7,1.9,19.7,9.2,14.2,8.3,"8,300",454,"8,754",5.2,61.4,34,4.6,"14,259"
Dulwich Hill - Lewisham,69.8,10.2,3.8,24.5,9.2,11.9,10.2,"9,209",485,"9,694",5,68,24.3,7.7,"14,257"
Haberfield - Summer Hill,68.4,11.3,2.9,25.7,9,11,8.5,"7,079",307,"7,386",4.2,66,28.4,5.5,"11,185"
Homebush,68.4,13.2,1.6,25.4,8.6,7.6,12.1,"8,150",707,"8,857",8,64.5,26,9.5,"13,725"
Strathfield,65,11.4,1.6,28,8,6.9,9.1,"12,615",907,"13,522",6.7,61.8,32.2,5.9,"21,874"
Strathfield South,62,7.7,2.1,21.5,9.8,13.2,8,"1,749",128,"1,877",6.8,64.5,31,4.6,"2,911"
Chatswood (East) - Artarmon,70.6,14.2,2.4,30.4,8.7,6.4,8.5,"13,611",895,"14,506",6.2,61.3,32.9,5.8,"23,676"
Chatswood (West) - Lane Cove North,75,14.6,2.9,31.1,9.9,8.8,7.5,"11,328",587,"11,915",4.9,69,26.3,4.7,"17,266"
Lane Cove - Greenwich,74.5,14.8,3.4,32,9.1,8.1,7.1,"13,706",625,"14,331",4.4,66.5,29,4.5,"21,558"
St Leonards - Naremburn,80.3,16.7,3.3,34.7,9.1,7.4,9.2,"6,330",260,"6,590",3.9,74.1,19,7.1,"8,899"
Willoughby - Castle Cove - Northbridge,72,12.7,3.1,31,9.6,8.5,7,"11,959",511,"12,470",4.1,63.4,32.3,4.3,"19,654"
Asquith - Mount Colah,68.6,7.6,2.8,21.5,11.8,19.1,5.9,"9,611",416,"10,027",4.1,69.7,27.5,2.8,"14,390"
Berowra - Brooklyn - Cowan,68.6,6.9,2.8,19.8,11.7,21.1,6.3,"6,169",243,"6,412",3.8,70.1,26.8,3,"9,142"
Normanhurst - Thornleigh - Westleigh,69.3,11.2,3.3,25.5,10.3,12.3,6.8,"9,022",399,"9,421",4.2,64.2,32.4,3.4,"14,678"
Hornsby - East,70.7,13.7,2.5,28.1,10,9.8,6.6,"6,241",439,"6,680",6.6,69,27.5,3.6,"9,686"
Hornsby - West,70.3,10.9,2.9,23.6,11,13.4,8.5,"5,108",295,"5,403",5.5,62.8,31.8,5.3,"8,601"
Waitara - Wahroonga (West),75,14.9,2.9,29.8,9.6,9.1,8.7,"4,506",297,"4,803",6.2,62.7,32.6,4.7,"7,657"
Gordon - Killara,71.7,15.4,2.6,31.7,8.2,6.2,7.6,"9,732",606,"10,338",5.9,59.5,36.8,3.7,"17,376"
Lindfield - Roseville,73.3,15.3,3.3,32.6,9,6.6,6.5,"10,934",517,"11,451",4.5,62.8,33.3,3.9,"18,234"
Pymble,72.4,15.4,3.6,31.7,9.2,6.8,5.7,"7,892",406,"8,298",4.9,65.2,31.6,3.1,"12,718"
St Ives,71.5,13.3,2.8,29.3,10.8,8.5,6.8,"9,562",422,"9,984",4.2,61.7,35.1,3.2,"16,173"
Turramurra,72.3,12.5,3.3,28.8,10.3,9,8.3,"8,591",387,"8,978",4.3,57.9,36.7,5.4,"15,510"
Wahroonga (East) - Warrawee,71.8,12.7,3.1,29.6,9.8,8.4,8.2,"8,364",369,"8,733",4.2,60.6,35,4.4,"14,409"
Cremorne - Cammeray,79.9,13.9,3.7,33.9,10.7,8.2,9.5,"10,848",423,"11,271",3.8,70.3,22.9,6.8,"16,032"
Crows Nest - Waverton,81.6,16,3.8,35.4,9.9,7.5,9.1,"11,144",395,"11,539",3.4,73.6,19.7,6.7,"15,682"
Mosman,75.9,14.1,3.1,31.6,9.8,7,10.3,"13,999",567,"14,566",3.9,62.1,30.6,7.2,"23,465"
Neutral Bay - Kirribilli,80.7,14.5,3.3,34.3,9.7,7.4,11.5,"10,637",426,"11,063",3.9,69.5,21.7,8.8,"15,929"
North Sydney - Lavender Bay,82.1,17.3,3.3,34.7,8.6,6,12.3,"6,425",255,"6,680",3.8,69.3,21,9.7,"9,642"
Balgowlah - Clontarf - Seaforth,73.3,10.3,3.2,30.2,11,10.9,7.9,"9,916",369,"10,285",3.6,66.8,28.6,4.6,"15,391"
Manly - Fairlight,78.3,12.3,2.9,31.9,10.1,9.4,11.6,"12,282",472,"12,754",3.7,68.5,23.1,8.4,"18,617"
Avalon - Palm Beach,69.1,6.6,2.7,22,13.1,16.6,8.1,"6,116",242,"6,358",3.8,62.9,32.6,4.4,"10,101"
Bayview - Elanora Heights,69.2,6.5,2.2,19.9,12.4,17.3,11,"5,019",165,"5,184",3.2,58.9,34.8,6.3,"8,797"
Newport - Bilgola,70.6,6.6,2.6,22.6,13.7,18.6,6.7,"6,910",236,"7,146",3.3,67.4,29.1,3.5,"10,603"
Warriewood - Mona Vale,67.8,5.2,2.1,18.2,12.1,20.2,10.1,"12,146",396,"12,542",3.2,65.4,28.4,6.3,"19,191"
Beacon Hill - Narraweena,62,4.7,1.8,16.9,10.8,19.3,8.6,"6,746",251,"6,997",3.6,63.1,32.3,4.6,"11,094"
Cromer,64.5,4.1,1.7,16,12.8,21.3,8.5,"3,684",112,"3,796",3,64.1,31.4,4.5,"5,921"
Dee Why - North Curl Curl,68.7,6.2,2.1,21.6,11.8,17.5,9.5,"14,062",522,"14,584",3.6,70.8,22.8,6.4,"20,591"
Forestville - Killarney Heights,66.1,9,2.7,23.9,10.9,13.2,6.5,"5,887",234,"6,121",3.8,62.2,34.8,3,"9,843"
Frenchs Forest - Belrose,66.6,6.8,2.3,21.4,12.5,16.3,7.3,"12,145",493,"12,638",3.9,64.1,32.2,3.6,"19,702"
Freshwater - Brookvale,72.4,8.3,2.5,25.8,11.5,15.3,8.9,"11,778",384,"12,162",3.2,72,21.8,6.2,"16,881"
Manly Vale - Allambie Heights,69.8,7.3,2.9,23.2,11.5,16.3,8.6,"8,481",323,"8,804",3.7,67.8,27.3,5,"12,991"
Narrabeen - Collaroy,68.6,5,2.2,19.1,11.7,19.5,11.2,"12,707",386,"13,093",2.9,64.3,29.1,6.6,"20,366"
Terrey Hills - Duffys Forest,65.8,6,2.3,19,11.2,18.3,8.9,"1,795",66,"1,861",3.5,63.5,31,5.3,"2,931"
Camden - Ellis Lane,62.5,3.3,1.9,12.6,10.1,24.5,10.1,"6,258",212,"6,470",3.3,62.4,32.5,5.1,"10,375"
Elderslie - Harrington Park,58.6,3,1.6,12.1,10.7,24.1,7.1,"10,782",486,"11,268",4.3,71.2,24.9,3.9,"15,836"
Mount Annan - Currans Hill,57.1,2.8,1.3,11.1,10.7,25.3,5.8,"15,309",710,"16,019",4.4,75.2,21.4,3.4,"21,313"
Bradbury - Wedderburn,50.4,1.8,0.8,7.1,7.9,23.2,9.6,"7,685",752,"8,437",8.9,58.1,35.8,6.1,"14,512"
Campbelltown - Woodbine,55.3,3.5,1.1,11.9,8.7,19.3,10.8,"7,877",669,"8,546",7.8,58,35.4,6.6,"14,735"
Claymore - Eagle Vale - Raby,51.4,1.9,0.8,8,8.6,23,9,"9,479",690,"10,169",6.8,64.1,30.4,5.5,"15,863"
Holsworthy Military Area,-,-,-,-,-,-,-,-,-,-,-,-,-,-,-
Ingleburn - Denham Court,58.5,5.6,1.2,14.9,8.7,18.3,9.7,"9,049",734,"9,783",7.5,61.7,31.9,6.4,"15,867"
Leumeah - Minto Heights,54.1,3,1,9.2,8.7,23.7,8.5,"7,578",532,"8,110",6.6,61.2,34,4.8,"13,252"
Macquarie Fields - Glenfield,57,6.7,0.9,13.2,8.1,16.7,11.3,"9,541",986,"10,527",9.4,57.5,34.7,7.8,"18,296"
Minto - St Andrews,52.3,4.5,1,11.1,8.5,18.9,8.3,"8,897",751,"9,648",7.8,62.3,33.3,4.4,"15,486"
Rosemeadow - Glen Alpine,52.7,2.2,1.1,8.8,8.5,22,10.2,"9,202",762,"9,964",7.6,60.9,32.9,6.3,"16,373"
Bargo,55.9,1.5,1,6.3,8.6,29.4,9.2,"2,718",125,"2,843",4.4,62.8,31.7,5.7,"4,524"
Douglas Park - Appin,62.8,2.7,1.6,11.1,10.7,28.2,8.3,"4,961",143,"5,104",2.8,69.1,26.4,4.5,"7,391"
Picton - Tahmoor - Buxton,59.2,2.4,1.3,8.2,8.7,27.3,11.3,"7,892",412,"8,304",5,62.8,30.1,7.1,"13,216"
The Oaks - Oakdale,60.1,2.9,1.2,8.9,8.9,29,9.1,"4,579",185,"4,764",3.9,67.6,27.3,5,"7,044"
Blackheath - Megalong Valley,69.2,7,3.2,18.2,11.1,19.4,10.3,"2,304",137,"2,441",5.6,52.2,40.5,7.2,"4,677"
Blaxland - Warrimoo - Lapstone,69.1,7,3.5,19.4,11.6,21.2,6.5,"9,529",382,"9,911",3.9,65.6,30.8,3.6,"15,108"
Blue Mountains - North,-,-,-,-,-,-,-,6,-,6,-,42.9,21.4,-,14
Katoomba - Leura,68.9,6.9,2.9,16.9,11.4,17.9,12.8,"5,552",394,"5,946",6.6,52.4,40.6,7,"11,338"
Lawson - Hazelbrook - Linden,68.1,6.1,3.4,16.7,12,23,7,"5,346",279,"5,625",5,62.4,33.4,4.1,"9,011"
Springwood - Winmalee,66.8,6.1,3.1,16.5,12.2,22.1,6.7,"10,554",436,"10,990",4,63,33.8,3.2,"17,433"
Wentworth Falls,69.7,7.6,3.5,18.4,11.3,19,9.7,"2,508",144,"2,652",5.4,52.2,42.7,5.1,"5,076"
Blue Mountains - South,-,-,-,-,-,-,-,-,-,-,-,-,100,-,3
Cambridge Park,51.7,1.8,0.7,6.8,7.7,26.7,7.9,"7,747",442,"8,189",5.4,66.3,29.2,4.6,"12,357"
Castlereagh - Cranebrook,56.2,3.2,1.1,10.5,9.2,24.4,7.9,"12,193",588,"12,781",4.6,70.5,24.2,5.3,"18,124"
Emu Plains - Leonay,58.7,3.6,1.7,10.8,9.7,23.9,9,"6,987",305,"7,292",4.2,64,32.4,3.6,"11,401"
Glenmore Park - Regentville,56.6,3.5,1.4,12.2,10.8,22.7,6.1,"11,618",476,"12,094",3.9,74.9,21.6,3.5,"16,143"
Jamisontown - South Penrith,54.4,2.5,1.1,8.9,8.4,24.7,8.8,"8,154",473,"8,627",5.5,62.9,31.6,5.5,"13,711"
Kingswood - Werrington,55.8,4.1,1.2,11.3,8.1,21.3,9.8,"8,962",742,"9,704",7.6,63.5,30.2,6.3,"15,293"
Mulgoa - Luddenham - Orchard Hills,59,3.3,1.1,12,9.3,23.7,9.5,"4,974",196,"5,170",3.8,69.3,24.5,6.2,"7,460"
Penrith,56.3,3.6,1.2,10,8,20.8,12.7,"5,758",537,"6,295",8.5,56.7,35.6,7.7,"11,110"
Warragamba - Silverdale,55.4,1.7,0.6,7.4,7.8,29.4,8.6,"2,710",112,"2,822",4,69.6,25.3,5,"4,052"
Richmond - Clarendon,56.3,2.7,1.3,9.1,9.1,23.6,10.5,"6,334",390,"6,724",5.8,58.9,34.3,6.8,"11,425"
Windsor - Bligh Park,54,1.9,1,7.6,8.1,27.2,8.3,"7,632",407,"8,039",5.1,66.3,28.5,5.1,"12,120"
Yarramundi - Londonderry,61,1.3,0.6,4.9,5.7,23.3,25,"3,214",112,"3,326",3.4,54.8,39.1,6,"6,070"
Erskine Park,53.6,2.4,0.8,10.5,8.5,25.1,6.4,"3,669",185,"3,854",4.8,74.2,22,3.7,"5,195"
St Clair,52.5,2.2,0.8,9.3,8.3,24,7.9,"10,245",550,"10,795",5.1,68.5,26.6,4.8,"15,749"
Colyton - Oxley Park,47.1,1.8,0.8,6.4,6.6,21.4,10.2,"4,972",431,"5,403",8,58.9,34.5,6.6,"9,168"
St Marys - North St Marys,50.7,2.1,0.6,7.3,6.7,19.6,14.4,"6,353",701,"7,054",9.9,55.3,34.9,9.7,"12,753"
Homebush Bay - Silverwater,76.8,11.4,1.9,24.5,8.5,8.4,22,"9,078",532,"9,610",5.5,60.9,30.3,8.7,"15,778"
Rookwood Cemetery,-,-,-,-,-,-,-,-,-,-,-,-,-,-,-
Auburn - Central,45.4,5.8,0.7,13.7,7.5,8.3,9.3,"6,277",942,"7,219",13,52.2,41.6,6.2,"13,821"
Auburn - North,49.5,7.2,0.9,16.1,7.7,7,10.6,"4,714",736,"5,450",13.5,58.2,34,7.7,"9,367"
Auburn - South,44.3,3.9,0.8,12.7,7.3,10,9.4,"2,958",346,"3,304",10.5,49.8,44.5,5.7,"6,641"
Berala,47.1,3.8,0.8,15.7,7.9,11.4,7.4,"3,694",415,"4,109",10.1,56.3,39.9,3.8,"7,304"
Lidcombe,54.5,6.2,1.2,19.9,9,9,9.2,"9,249",863,"10,112",8.5,59.4,34.7,6,"17,037"
Regents Park,47.8,4.3,0.8,13.4,8.8,12.8,7.9,"2,002",207,"2,209",9.4,54.3,40.7,5,"4,069"
Carlingford,65.8,11.2,2.3,24.5,10,11.3,6.6,"12,463",850,"13,313",6.4,59.9,36.7,3.5,"22,239"
Ermington - Rydalmere,59.1,6.5,1.4,17.6,9.8,15.8,8,"9,743",642,"10,385",6.2,60.4,34.8,4.9,"17,191"
Oatlands - Dundas Valley,63.1,8.5,1.7,21.2,9.8,13.5,8.4,"8,010",589,"8,599",6.8,59.6,35.2,5.1,"14,423"
Chester Hill - Sefton,47.6,2.3,0.8,10,7.6,14.5,12.4,"6,395",708,"7,103",10,49,45.4,5.7,"14,505"
Fairfield - East,43.5,1.8,0.4,8.4,6.6,12.9,13.2,"4,855",620,"5,475",11.3,44.6,47.9,7.5,"12,267"
Granville - Clyde,52.1,5.6,0.9,14.9,8.9,11.5,10.4,"8,282",988,"9,270",10.7,55.6,37.1,7.3,"16,664"
Greystanes - Pemulwuy,56.3,4.2,1.2,14.8,9.3,18.6,8.1,"11,972",693,"12,665",5.5,61.5,33.7,4.8,"20,597"
Guildford - South Granville,46.4,3,0.6,9.8,7.8,13.1,12,"6,389",809,"7,198",11.2,45.5,46.1,8.4,"15,823"
Guildford West - Merrylands West,49.5,3.3,0.8,11,8.4,15.9,10.1,"7,886",805,"8,691",9.3,53.6,40.2,6.2,"16,206"
Merrylands - Holroyd,52.7,5,1,14.3,9.2,14.3,9,"11,434","1,165","12,599",9.2,56.1,38.5,5.3,"22,441"
Smithfield Industrial,-,-,-,-,-,-,-,5,4,9,44.4,112.5,-,-,8
Yennora Industrial,-,-,-,-,-,-,-,6,-,6,-,54.5,27.3,-,11
North Parramatta,67.8,11,2,22.5,9.2,10.8,12.3,"10,491",982,"11,473",8.6,62,29.2,8.9,"18,517"
North Rocks,67.2,9.2,2.5,22.9,11.5,15.4,5.7,"3,755",166,"3,921",4.2,62.7,34.8,2.5,"6,253"
Northmead,74.8,15.5,2.1,26.5,8.4,11.4,10.9,"9,854",733,"10,587",6.9,65.8,26.9,7.2,"16,079"
Parramatta - Rosehill,73.3,16.5,1.8,28.4,8.1,6.5,12,"14,399","1,474","15,873",9.3,65.6,25.2,9.2,"24,205"
Toongabbie - Constitution Hill,60.7,7.7,1.7,18,9.1,16.1,8.1,"10,000",686,"10,686",6.4,60.2,35.3,4.5,"17,762"
Winston Hills,63.9,6,2.2,19.9,11.5,18.7,5.6,"5,287",229,"5,516",4.2,65.7,32.1,2.1,"8,394"
Pendle Hill - Girraween,60.8,11.5,1.5,18.9,8.4,10.9,9.5,"5,367",453,"5,820",7.8,58.4,35.4,6.3,"9,974"
Wentworthville - Westmead,66.6,14.1,1.8,24.2,8,9.3,9.2,"6,882",709,"7,591",9.3,61.6,33.2,5.3,"12,333"
Epping - North Epping,70.5,15.6,2.8,29,9,8.2,5.8,"13,075",961,"14,036",6.8,62.8,34.5,2.8,"22,364"
Pennant Hills - Cheltenham,71.8,13.8,3.3,28,9.9,9.9,6.8,"10,064",501,"10,565",4.7,63.8,32.2,4,"16,561"
Eastwood - Denistone,66.2,13.2,2.2,26,9.2,9.2,6.4,"11,622",858,"12,480",6.9,59.6,36.7,3.7,"20,931"
Gladesville - Huntleys Point,69,9.2,2.5,24.8,10.8,13.1,8.6,"7,374",316,"7,690",4.1,65,29.7,5.3,"11,834"
Hunters Hill - Woolwich,68.8,11.3,2.7,25.3,8.9,9.2,11.4,"4,456",148,"4,604",3.2,55.3,39.5,5.3,"8,327"
Macquarie Park - Marsfield,70.2,14.9,1.9,28,8.4,8.1,8.9,"10,165","1,002","11,167",9,58.9,35.8,5.3,"18,948"
North Ryde - East Ryde,64.9,9.8,2.1,23.6,9.5,13.5,6.5,"5,894",314,"6,208",5.1,61.7,34.9,3.4,"10,062"
West Ryde - Meadowbank,71.3,13.3,2.2,28.2,9.6,11.5,6.6,"10,372",718,"11,090",6.5,68.2,28.1,3.8,"16,260"
Putney,67.3,8,1.9,24.2,10.9,15.7,6.6,"2,076",84,"2,160",3.9,64.8,31.9,3.4,"3,335"
Ryde,66.6,10.3,1.8,22.8,9.8,13,8.9,"13,502",835,"14,337",5.8,63.5,31.3,5.3,"22,595"
Ashcroft - Busby - Miller,40.5,0.9,0.3,4.2,5.7,14.4,15.1,"4,522",767,"5,289",14.5,40.2,49.1,10.6,"13,142"
Austral - Greendale,48.4,1.1,0.5,6.9,5.9,21,13,"3,851",212,"4,063",5.2,56,35.3,8.6,"7,261"
Cobbitty - Leppington,60,3.5,1.1,11.8,9.7,23.2,10.7,"8,913",344,"9,257",3.7,67.9,24.8,7.4,"13,639"
Badgerys Creek,48.1,-,-,-,5.8,9.6,26.9,20,-,20,-,38.5,48.1,9.6,52
Cecil Hills,51.5,2.8,1,14.2,9.5,17.1,7.1,"3,355",202,"3,557",5.7,63.8,31.7,4.4,"5,578"
Green Valley,43.3,1.5,0.6,10,8.1,15.8,7.3,"5,228",474,"5,702",8.3,57.7,37.9,4.3,"9,875"
Hinchinbrook,49.3,2.3,0.7,11.5,9.7,18.1,6.9,"5,552",453,"6,005",7.5,63.2,33.1,3.7,"9,501"
Hoxton Park - Carnes Hill - Horningsea Park,52.6,3.2,0.7,13.2,10.2,18.1,7.1,"5,359",307,"5,666",5.4,65.9,30,4.1,"8,596"
West Hoxton - Middleton Grange,55.1,3.3,0.9,14.6,10.5,18.2,7.6,"7,204",435,"7,639",5.7,68.5,26.8,4.7,"11,152"
Bonnyrigg Heights - Bonnyrigg,39.7,1.4,0.5,9.6,7.6,13.9,6.7,"6,197",668,"6,865",9.7,53.3,43,3.7,"12,883"
Bossley Park - Abbotsbury,46.7,2,0.7,11.1,8.6,17.2,7.2,"8,074",558,"8,632",6.5,55.7,40.3,4,"15,498"
Cabramatta - Lansvale,34.8,1.3,0.4,8.3,5.9,9.9,9,"8,578","1,425","10,003",14.2,49.3,45.4,5.3,"20,280"
Cabramatta West - Mount Pritchard,39.7,1.3,0.4,8,6.6,14.6,8.9,"6,150",784,"6,934",11.3,50.9,43.2,5.9,"13,630"
Canley Vale - Canley Heights,35.7,1.4,0.3,9.1,6.1,11.3,7.5,"7,384","1,086","8,470",12.8,50.4,44.9,4.7,"16,822"
Edensor Park,43.6,1.8,0.4,11.4,8.6,15.5,5.9,"4,173",362,"4,535",8,56.6,39.9,3.4,"8,008"
Fairfield,39.5,2.1,0.5,9.3,7.4,11.5,8.7,"5,137",869,"6,006",14.5,41.9,52.8,5.3,"14,319"
Fairfield - West,38.9,1.6,0.6,8.1,7.2,13.3,8.2,"6,372",750,"7,122",10.5,46.8,48.4,4.8,"15,205"
Greenfield Park - Prairiewood,42,1.6,0.6,10.4,8.4,14.5,6.5,"3,133",293,"3,426",8.6,50.7,45.8,3.5,"6,758"
Horsley Park - Kemps Creek,52.8,2,0.5,8.6,6.8,21.7,13.4,"2,052",79,"2,131",3.7,58.1,32.7,9,"3,665"
Smithfield - Wetherill Park,45,1.7,0.6,8.7,7.8,17,9.3,"6,638",612,"7,250",8.4,49.7,45.2,5.1,"14,573"
St Johns Park - Wakeley,41.2,1.6,0.6,10.7,7.2,13.9,7.2,"4,254",385,"4,639",8.3,51.4,44.7,3.9,"9,022"
Wetherill Park Industrial,31.4,-,-,-,-,17.1,8.6,12,-,12,-,34.3,51.4,-,35
Casula,54.5,3.4,1,13.1,9.6,17,10.3,"6,595",535,"7,130",7.5,58,35.1,6.9,"12,297"
Chipping Norton - Moorebank,57.1,4.1,1.1,14.1,9.9,20.6,7.4,"8,793",470,"9,263",5.1,63.5,32.5,4.1,"14,597"
Holsworthy - Wattle Grove,61.8,5.6,1.5,16.8,10.7,20.4,6.9,"10,792",477,"11,269",4.2,70.4,25.2,4.4,"16,013"
Liverpool,54.1,3.6,0.7,11,8.7,13.6,16.6,"8,515","1,104","9,619",11.5,44.8,42.3,12.9,"21,448"
Lurnea - Cartwright,44.3,1.5,0.4,6.6,7,15.6,13.3,"3,425",459,"3,884",11.8,43.5,47.6,9,"8,937"
Prestons - Edmondson Park,55.6,4.3,1,14.8,10.6,16.9,8.1,"7,990",533,"8,523",6.3,65.3,30.4,4.3,"13,051"
Warwick Farm,56.8,4,0.8,11.6,7.8,13.5,19.2,"1,938",314,"2,252",13.9,47.5,37.7,14.8,"4,740"
Gymea - Grays Point,66,5.3,2.1,17.6,12,22.3,6.7,"9,211",322,"9,533",3.4,68.1,28.5,3.3,"13,992"
Miranda - Yowie Bay,62.6,4.7,1.5,15.3,10.8,20.9,9.4,"8,759",387,"9,146",4.2,61.3,33.8,4.9,"14,914"
Sylvania - Taren Point,61.1,4.2,1.4,15.5,10.6,19,10.5,"7,063",331,"7,394",4.5,56.2,39.2,4.6,"13,156"
Caringbah,63.6,3.9,1.9,14.8,11.8,22.2,9.1,"6,048",225,"6,273",3.6,65.5,29.2,5.3,"9,573"
Caringbah South,64.8,4.3,2.3,17.5,11.9,21.3,7.4,"5,973",192,"6,165",3.1,64.1,32.6,3.4,"9,611"
Cronulla - Kurnell - Bundeena,69.2,5.1,2.2,16.9,12.1,22.4,10.6,"12,938",447,"13,385",3.3,66.7,26,7.3,"20,062"
Lilli Pilli - Port Hacking - Dolans Bay,68.2,6.6,2.1,21.2,12.9,20,5.1,"1,683",38,"1,721",2.2,68.4,28.9,2.9,"2,516"
Woolaware - Burraneer,66.8,4.7,2,19,13,20,7.9,"4,096",103,"4,199",2.5,67.7,28.5,3.7,"6,198"
Heathcote - Waterfall,62.9,3.6,1.9,12,10.7,27.1,7.6,"3,212",130,"3,342",3.9,63.8,33.9,2.3,"5,238"
Illawong - Alfords Point,63.2,5.1,1.9,18.8,11.1,21,5.2,"5,791",219,"6,010",3.6,69.5,28.4,2.1,"8,650"
Menai - Lucas Heights - Woronora,62.6,4.4,2,16.1,11.6,22.3,6.1,"11,686",447,"12,133",3.7,71.2,25.9,2.9,"17,032"
Oyster Bay - Como - Jannali,67.2,6.3,2.6,19.4,12.4,19.8,6.6,"10,709",392,"11,101",3.5,67,29.7,3.3,"16,559"
Royal National Park,84.6,-,-,26.9,15.4,11.5,23.1,13,-,13,-,50,-,23.1,26
Sutherland - Kirrawee,67.2,5.7,2,17.5,11.3,21.4,9.4,"10,823",446,"11,269",4,65.7,29.6,4.7,"17,146"
Engadine,63.9,3.5,1.9,13.5,11.7,27.1,6.3,"8,474",261,"8,735",3,67.2,30.3,2.5,"12,998"
Loftus - Yarrawarrah,64.5,4.7,2.4,16.1,11.6,24.9,5,"3,764",117,"3,881",3,68.1,29.7,2.2,"5,701"
Woronora Heights,65.4,3.9,2.9,16.3,13.2,24.3,4.7,"2,187",53,"2,240",2.4,75.5,22.5,2,"2,965"