suburb_id,suburb,Bus stop,Coffee shop,Dentist,Hair care,Motor repair,Restaurant,Orchard,Clothing store,Train station
1,Abbotsbury,25,3,0,2,1,4,0,0,0
2,Abbotsford,1,3,0,1,0,5,0,0,0
3,Abercrombie,1,0,0,0,0,0,0,0,0
4,Aberdare,12,0,0,1,0,2,0,0,0
5,Aberdeen,0,1,0,0,0,1,0,0,1
6,Aberglasslyn,11,1,0,2,0,1,0,0,0
7,Abermain,12,0,0,1,0,2,0,0,0
8,Abernethy,3,0,0,0,0,0,0,0,0
9,Acacia Creek,0,0,0,0,1,0,0,0,0
10,Acacia Gardens,16,0,0,1,0,0,0,1,0
11,Adaminaby,1,2,0,0,0,2,0,0,0
12,Adamstown,28,10,6,14,7,20,0,6,1
13,Adamstown Heights,22,0,0,1,0,0,0,0,0
14,Adelong,1,1,0,1,2,2,0,1,0
15,Agnes Banks,6,0,0,0,0,0,1,0,0
16,Airds,27,0,0,0,1,1,0,0,0
17,Albion Park,35,9,2,14,5,21,0,5,0
18,Albion Park Rail,43,4,0,5,31,11,0,7,0
19,Albury,19,44,32,44,19,59,1,60,1
20,Aldavilla,3,0,0,0,0,0,0,0,0
21,Alectown,1,0,0,0,0,0,0,0,1
22,Alexandria,33,40,9,11,21,50,2,30,1
23,Alfords Point,16,0,0,2,0,1,0,0,0
24,Alison,1,0,0,0,0,2,0,0,0
25,Allambie Heights,31,4,3,2,3,9,0,2,0
26,Allawah,2,1,1,5,0,8,0,0,0
27,Allworth,1,0,0,0,0,0,0,0,0
28,Alpine,1,0,0,0,0,0,0,0,0
29,Alstonville,4,6,5,9,2,11,0,3,0
30,Ambarvale,26,2,0,1,1,6,0,5,0
31,Anglers Reach,1,0,0,0,0,0,0,0,0
32,Angourie,1,0,0,0,0,1,0,0,0
33,Anna Bay,33,4,0,3,4,5,0,3,0
34,Annandale,11,15,3,7,3,30,0,7,0
35,Annangrove,28,2,0,2,2,3,0,1,0
36,Appin,12,2,0,2,4,8,0,1,0
37,Apple Tree Flat,0,0,0,0,0,0,1,0,0
38,Arakoon,0,1,0,0,0,1,0,0,0
39,Arcadia,22,1,0,1,2,0,0,0,0
40,Arcadia Vale,10,0,0,0,0,0,0,0,0
41,Ardlethan,1,2,0,0,0,1,0,0,1
42,Argenton,9,1,0,1,1,4,0,2,0
43,Ariah Park,2,1,0,0,1,1,0,0,1
44,Armatree,0,0,0,0,0,0,0,0,1
45,Armidale,33,36,15,32,43,60,0,35,2
46,Arncliffe,13,5,4,11,24,23,0,1,1
47,Arndell Park,15,7,0,3,30,14,0,4,0
48,Arrawarra,1,1,0,0,0,1,0,0,0
49,Arrawarra Headland,3,0,0,0,0,0,0,0,0
50,Artarmon,15,18,4,3,57,36,0,1,1
51,Ashbury,15,2,0,2,1,3,0,0,0
52,Ashcroft,18,0,0,0,0,1,0,0,0
53,Ashfield,43,23,22,21,14,52,0,4,1
54,Ashley,0,0,0,0,0,0,0,0,1
55,Ashmont,6,1,0,1,11,2,0,1,0
56,Ashtonfield,24,1,0,2,1,2,0,2,0
57,Asquith,24,2,2,3,8,9,0,4,1
58,Auburn,51,25,16,19,22,57,0,17,1
59,Austinmer,15,3,0,2,1,3,0,1,1
60,Austral,5,1,2,2,3,10,0,1,0
62,Avalon Beach,47,15,3,12,2,39,0,23,0
63,Avoca Beach,40,9,1,4,0,16,0,2,0
64,Avondale,0,0,0,0,0,0,0,1,0
65,Avonside,0,0,0,0,0,0,0,1,0
66,Awaba,2,0,0,0,1,0,0,0,1
67,Baan Baa,0,0,0,0,0,0,0,0,1
68,Badgerys Creek,5,0,0,0,0,0,0,0,0
69,Balaclava,0,0,0,1,0,0,0,0,0
70,Balcolyn,2,0,0,0,0,0,0,0,0
71,Balgowlah,34,13,11,16,6,36,0,15,0
72,Balgowlah Heights,24,3,1,2,0,5,0,1,0
73,Balgownie,32,3,1,8,2,4,0,3,0
74,Ballina,19,32,20,28,46,54,0,37,0
75,Balmain,23,25,23,32,2,52,0,22,0
76,Balmain East,4,2,0,0,0,2,0,1,0
77,Bangalee,0,1,0,0,0,1,0,0,0
78,Bangalow,3,7,2,7,4,13,0,17,0
79,Bangor,6,1,0,3,0,4,0,0,0
80,Banksia,4,4,0,2,7,4,0,3,1
81,Banksmeadow,7,5,0,1,11,10,0,3,0
82,Bankstown,54,53,37,52,51,60,0,60,1
83,Bankstown Aerodrome,4,1,0,0,1,2,0,0,0
84,Banora Point,37,3,2,9,2,8,0,5,0
85,Bar Beach,7,2,0,2,0,3,0,2,0
86,Baradine,1,1,0,0,0,1,0,0,0
87,Barangaroo,0,17,1,4,0,38,1,7,0
88,Barden Ridge,26,0,0,0,1,0,0,0,0
89,Bardia,3,0,1,1,0,0,0,0,0
90,Bardwell Park,18,2,1,4,0,3,0,0,1
91,Bardwell Valley,8,0,0,0,0,1,0,0,0
92,Barellan,1,1,0,0,0,1,0,0,2
93,Bargo,21,0,1,5,6,9,0,0,1
94,Barham,0,2,1,1,0,5,0,1,0
95,Barmedman,1,1,0,0,1,0,0,0,3
96,Barnsley,0,0,0,1,0,1,0,0,0
97,Barraba,1,3,0,1,2,2,0,2,0
98,Barrack Heights,27,0,1,0,13,3,0,1,0
99,Barrack Point,7,0,0,0,0,0,0,1,0
100,Barrengarry,16,2,0,0,0,1,0,0,0
101,Barry,1,0,0,0,0,0,0,0,0
102,Basin View,2,1,0,1,0,1,0,0,0
103,Bass Hill,36,6,4,8,2,26,0,8,0
104,Bateau Bay,44,7,3,14,0,21,0,13,0
105,Batehaven,7,2,1,2,0,8,0,0,0
106,Batemans Bay,2,21,6,13,45,41,0,26,0
107,Bathurst,29,33,13,32,34,58,0,53,1
108,Batlow,1,3,0,0,1,1,1,3,0
109,Baulkham Hills,52,22,48,20,4,46,0,13,0
110,Bawley Point,1,1,0,0,0,1,0,0,0
111,Bayview,18,1,0,0,0,1,0,0,0
112,Beacon Hill,21,1,0,1,3,1,0,3,0
113,Beaconsfield,2,0,0,0,1,0,0,2,0
114,Beaumont Hills,32,1,2,4,0,3,0,0,0
115,Beckom,1,0,0,0,0,0,0,0,2
116,Beechwood,0,0,0,1,0,1,0,0,0
117,Beecroft,28,10,8,9,0,16,0,7,1
118,Beecroft Peninsula,6,0,0,0,0,0,0,0,0
119,Beelbangera,1,0,0,0,0,0,0,0,0
120,Bega,38,9,5,7,23,14,0,10,0
121,Belbora,1,0,0,0,0,0,0,0,0
122,Belfield,25,2,1,8,7,7,0,2,0
123,Belford,2,0,0,0,0,0,0,0,0
124,Belimbla Park,8,0,0,0,0,1,0,0,0
125,Bell,2,0,0,0,0,0,0,0,1
126,Bella Vista,38,18,15,12,1,40,0,3,0
127,Bellambi,18,2,0,1,6,4,0,1,1
128,Bellata,1,0,0,0,0,1,0,0,0
129,Bellawongarah,0,0,0,0,0,1,0,0,0
130,Bellbird,7,0,0,0,1,3,0,0,0
131,Bellbird Heights,6,0,0,0,1,0,0,0,0
132,Bellbrook,0,0,0,0,0,1,0,0,0
133,Bellevue Hill,43,5,3,3,1,4,0,1,0
134,Bellingen,7,12,2,5,5,16,0,11,0
135,Belmont,0,8,7,17,2,20,0,8,0
136,Belmont North,46,1,0,2,1,2,0,1,0
137,Belmont South,6,1,0,0,0,0,0,1,0
138,Belmore,46,9,5,12,17,32,0,3,1
139,Belrose,35,9,4,5,3,22,0,4,0
140,Bemboka,1,2,0,0,0,0,0,1,0
141,Ben Bullen,1,0,0,0,1,0,0,0,1
142,Benandarah,1,0,0,0,0,0,0,0,0
143,Bendalong,1,0,0,0,0,0,0,0,0
144,Bendemeer,1,1,0,0,0,1,0,0,0
145,Bendick Murrell,3,0,0,0,0,0,0,0,1
146,Benerembah,0,0,0,0,0,0,1,0,0
147,Bennetts Green,3,2,0,2,11,1,0,0,0
148,Bensville,15,1,0,1,0,0,0,0,0
149,Berala,10,4,2,9,0,11,0,0,1
150,Berambing,3,1,0,0,0,0,0,0,0
151,Beresfield,26,3,1,3,24,11,0,5,1
152,Bergalia,2,0,0,0,0,0,0,0,0
153,Berkeley,2,1,0,1,0,6,0,0,0
154,Berkeley Vale,38,5,2,7,36,12,0,4,0
155,Berkshire Park,9,0,0,0,1,0,0,0,0
156,Bermagui,18,11,0,3,2,14,0,6,0
157,Berowra,23,1,1,0,3,5,0,0,0
158,Berowra Creek,0,0,0,0,0,1,0,0,0
159,Berowra Heights,23,3,2,6,1,6,0,1,0
160,Berowra Waters,1,1,0,0,0,4,0,0,0
161,Berrara,3,0,0,0,0,0,0,0,0
162,Berridale,1,1,0,1,0,2,0,1,0
163,Berrigan,0,2,0,0,4,4,0,3,0
164,Berrilee,2,0,0,0,0,0,0,0,0
165,Berrima,4,9,0,0,1,12,0,3,0
166,Berry,7,15,3,5,3,30,1,13,1
167,Bethungra,0,1,0,0,0,1,0,0,1
168,Beverley Park,11,0,0,0,1,2,0,0,0
169,Beverly Hills,38,5,5,2,0,42,0,1,1
170,Bewong,2,1,0,0,0,0,0,0,0
171,Bexley,48,8,8,12,18,23,0,0,0
172,Bexley North,32,5,1,4,1,8,0,1,1
173,Bibbenluke,1,0,0,0,0,0,0,0,0
174,Bickley Vale,2,0,0,0,0,0,0,0,0
175,Bidwill,26,1,0,1,0,2,0,0,0
176,Bigga,1,0,0,0,0,0,0,0,0
177,Bilambil,0,0,0,0,1,1,0,1,0
178,Bilambil Heights,11,1,0,0,0,1,0,0,0
179,Bilbul,1,0,0,0,0,0,0,0,0
181,Bilgola Beach,1,1,0,0,0,0,0,0,0
182,Bilgola Plateau,17,1,1,1,1,2,0,0,0
183,Billimari,0,0,0,0,0,0,0,0,1
184,Billinudgel,4,1,1,1,9,2,0,0,1
185,Bilpin,16,5,0,0,0,6,4,0,0
186,Binalong,2,1,0,0,0,1,0,0,0
187,Bingara,2,1,0,0,0,3,0,2,0
188,Biniguy,1,0,0,0,0,0,0,0,1
189,Binnaway,1,1,0,0,0,0,0,0,4
190,Binya,1,0,0,0,0,0,0,0,0
191,Birchgrove,6,2,0,1,0,2,0,1,0
192,Birmingham Gardens,14,0,1,0,1,0,0,0,0
193,Birrong,5,1,1,3,0,4,0,1,1
194,Black Head,0,1,0,0,0,0,0,0,0
195,Black Hill,3,0,0,0,0,1,1,0,0
196,Black Springs,0,0,0,0,1,0,0,0,0
197,Blackalls Park,9,0,0,2,1,1,0,0,0
198,Blackbutt,4,0,0,0,1,0,0,8,0
199,Blackett,21,0,0,0,1,1,0,0,0
200,Blackheath,59,9,1,4,1,17,0,4,1
201,Blackmans Flat,1,0,0,0,0,0,0,0,0
202,Blackmans Point,0,1,0,0,0,0,0,0,0
203,Blacksmiths,13,3,0,1,1,6,0,0,0
204,Blacktown,45,35,49,46,53,58,0,58,1
205,Blackwall,21,1,0,1,4,1,0,0,0
206,Blair Athol,7,0,1,0,0,0,0,0,0
207,Blairmount,1,0,0,0,0,0,0,0,0
208,Blakebrook,2,0,0,0,0,0,0,0,0
209,Blakehurst,39,1,2,0,2,5,0,1,0
210,Blaxland,42,4,4,9,9,23,0,1,1
211,Blayney,3,2,1,5,2,9,0,2,4
212,Bligh Park,35,1,2,2,2,6,0,0,0
213,Blighty,1,0,0,0,0,1,0,0,0
214,Blue Bay,6,1,0,0,0,0,0,0,0
215,Blue Haven,32,0,0,2,1,1,0,0,0
216,Blue Knob,2,1,0,0,0,0,0,0,0
217,Blueys Beach,1,3,0,0,0,3,0,1,0
218,Boambee,6,1,0,2,2,4,0,0,0
219,Boambee East,22,1,0,1,0,3,0,0,0
220,Boat Harbour,0,0,0,1,0,0,0,0,0
221,Bobs Farm,25,2,0,0,0,2,0,0,0
222,Bodalla,3,3,0,2,3,6,0,1,0
223,Bogan Gate,1,1,0,0,0,0,0,0,1
224,Bogangar,13,4,0,3,0,4,0,0,0
225,Boggabilla,0,1,0,0,0,0,0,0,0
226,Boggabri,1,2,0,0,0,2,0,1,1
227,Bohena Creek,0,0,0,0,1,0,0,0,0
228,Bolivia,1,0,0,0,0,0,0,0,0
229,Bolton Point,15,0,0,0,0,0,0,0,0
230,Bolwarra,5,1,0,0,0,0,0,0,0
231,Bolwarra Heights,7,0,0,1,0,0,0,0,0
232,Bomaderry,31,5,2,5,24,13,0,3,1
233,Bombala,2,1,0,1,4,3,0,0,0
234,Bombira,2,0,0,0,0,1,0,0,0
235,Bombo,1,0,0,0,0,0,0,0,1
236,Bomen,1,1,0,0,3,1,0,0,1
237,Bonalbo,0,0,0,0,0,1,0,0,0
238,Bondi,15,9,3,10,6,32,0,5,0
239,Bondi Beach,16,34,4,19,8,50,0,43,0
240,Bondi Junction,31,49,58,53,12,60,0,60,1
241,Bonnells Bay,13,2,1,1,2,6,0,0,0
242,Bonnet Bay,34,1,0,1,0,2,0,0,0
243,Bonny Hills,13,3,1,2,2,3,0,1,0
244,Bonnyrigg,8,7,5,7,7,24,0,5,0
245,Bonnyrigg Heights,44,2,0,2,1,2,0,0,0
246,Bonville,8,2,0,0,1,2,0,0,0
247,Booker Bay,14,0,0,0,0,1,0,1,0
248,Boolaroo,11,1,2,4,6,6,0,3,1
249,Boomerang Beach,0,1,1,0,0,1,0,0,0
250,Booragul,9,1,0,0,1,0,0,0,0
251,Booral,0,1,0,0,0,1,0,0,0
252,Boorooma,2,0,0,0,0,0,0,0,0
253,Boorowa,1,4,0,1,6,6,0,0,0
254,Boree Creek,0,0,0,0,0,0,0,0,2
255,Borenore,1,0,0,0,0,0,2,0,1
256,Bossley Park,39,2,6,8,2,6,0,4,0
257,Bostobrick,0,0,0,0,0,1,0,0,0
258,Botany,26,13,4,9,31,29,0,1,0
259,Bouddi,1,0,0,0,0,0,0,0,0
261,Bourkelands,8,0,0,1,0,0,0,0,0
262,Bournda,6,0,0,0,1,0,0,0,0
263,Bow Bowing,7,0,0,0,0,0,0,0,0
264,Bowen Mountain,20,0,0,0,0,0,0,1,0
265,Bowenfels,24,1,0,0,1,1,0,0,1
266,Bowning,2,1,0,0,0,2,0,0,1
267,Bowral,51,32,16,28,18,57,0,57,1
268,Bowraville,3,2,0,0,0,1,0,0,0
269,Box Hill,11,0,0,0,0,0,2,0,0
270,Bradbury,34,0,1,5,2,3,0,0,0
271,Braemar,4,0,0,0,3,0,0,0,0
272,Braidwood,2,10,1,3,5,11,0,2,0
273,Brandy Hill,0,0,0,0,0,0,0,1,0
274,Branxton,10,1,0,3,6,7,0,0,1
275,Breadalbane,0,0,0,0,0,0,0,0,2
276,Breakfast Point,1,2,1,1,0,5,0,0,0
277,Bredbo,1,2,0,0,0,2,0,0,0
279,Brewongle,0,0,0,0,0,0,0,0,1
280,Bribbaree,0,0,0,0,0,0,0,0,2
281,Bridgman,0,0,0,0,0,0,0,0,1
282,Brightwaters,2,0,1,0,0,0,0,0,0
283,Bringelly,14,1,1,0,1,0,0,0,0
284,Broadmeadow,22,4,4,3,11,15,0,1,1
285,Broadwater,0,1,0,0,0,1,0,0,0
286,Brocklehurst,0,0,0,0,4,0,0,0,1
287,Brogans Creek,0,0,0,0,0,0,0,0,1
288,Brogo,1,0,0,0,0,0,0,0,0
289,Broke,0,3,0,0,0,5,0,0,0
290,Broken Head,0,0,0,0,0,0,0,1,0
292,Bronte,18,12,5,6,1,15,1,0,0
293,Brooklyn,0,2,0,0,1,6,0,0,1
294,Brookvale,21,35,11,26,60,52,0,60,0
295,Broulee,2,2,0,1,0,2,0,0,0
296,Brownlow Hill,12,1,0,0,0,0,0,0,0
297,Brownsville,0,1,0,2,0,2,0,0,0
298,Brucedale,1,0,0,0,0,0,0,0,0
299,Brundee,1,0,0,0,0,0,0,0,0
300,Brunswick Heads,6,11,2,8,3,22,0,12,0
302,Buchanan,0,0,0,0,2,0,0,0,0
303,Buckajo,0,0,0,0,0,0,0,1,0
304,Buddabadah,0,0,0,0,0,1,0,0,0
305,Budgee Budgee,0,0,0,0,0,1,0,0,0
306,Budgewoi,31,6,2,6,2,15,0,4,0
307,Buff Point,25,0,0,1,0,3,0,0,0
308,Bugaldie,0,0,0,0,0,0,0,0,1
309,Bulahdelah,3,5,1,1,2,10,0,0,0
310,Bulga,0,1,0,0,0,0,0,0,0
311,Bullaburra,6,0,0,0,0,0,0,0,1
312,Bullarah,1,1,0,0,0,0,0,0,0
313,Bulli,20,6,0,5,1,12,1,1,1
314,Bulliac,0,0,0,0,0,0,0,0,1
315,Bumbaldry,1,0,0,0,0,0,0,0,0
316,Bundagen,0,0,0,0,1,0,0,0,0
317,Bundanoon,23,4,0,2,1,6,0,2,1
318,Bundarra,0,1,0,0,1,0,0,0,0
319,Bundeena,13,3,0,0,0,6,0,1,0
320,Bundook,0,0,0,0,0,0,0,0,2
321,Bungarribee,15,0,0,0,0,0,0,0,0
322,Bungendore,8,7,1,4,4,14,0,0,1
323,Bungonia,0,0,0,0,0,1,0,0,0
324,Bungwahl,2,0,0,0,0,0,0,0,0
325,Buronga,6,0,0,1,0,4,0,0,0
326,Burraboi,0,0,0,0,0,0,0,0,2
327,Burradoo,19,0,0,0,0,1,0,0,1
328,Burraneer,39,2,0,2,0,1,0,0,0
329,Burrawang,3,1,0,0,0,1,0,0,0
330,Burrell Creek,1,0,0,0,0,1,0,0,0
331,Burren Junction,1,0,0,0,0,0,0,0,0
332,Burrill Lake,6,2,0,2,0,3,0,1,0
333,Burringbar,2,1,0,0,3,2,0,0,0
334,Burrundulla,2,1,0,0,0,1,0,0,0
335,Burwood,31,41,52,42,9,58,0,60,1
336,Burwood Heights,3,0,0,1,1,0,0,0,0
337,Busby,16,0,2,0,0,0,0,0,0
338,Bushells Ridge,2,0,0,0,0,0,0,0,0
339,Buttaba,5,0,0,0,2,0,0,0,0
340,Buttai,1,0,0,0,0,1,0,0,0
341,Buxton,2,0,0,2,0,0,0,0,0
342,Byabarra,0,1,0,0,0,1,0,0,0
343,Bylong,0,1,0,0,0,0,0,0,0
344,Byron Bay,17,52,15,33,15,60,0,60,1
345,Bywong,0,1,0,0,0,0,0,0,0
346,Cabarita,11,1,0,0,0,3,0,0,0
347,Cabarita Beach,1,4,1,4,0,8,0,2,0
348,Cabramatta,42,29,30,26,22,58,0,27,1
349,Cabramatta West,27,1,1,2,1,7,0,1,0
350,Cabramurra,1,1,0,0,0,0,0,0,0
351,Caddens,12,1,0,0,0,0,0,1,0
352,Calala,25,1,0,2,0,3,0,0,0
353,Calderwood,1,1,0,1,0,1,0,1,0
354,Caldwell,0,0,0,0,0,0,0,0,1
356,Callaghan,1,4,0,0,0,3,0,0,0
357,Callala Bay,8,2,0,3,0,5,0,2,0
358,Callala Beach,9,1,0,0,0,1,0,0,0
359,Cambewarra,8,0,0,0,0,0,0,1,0
360,Cambewarra Village,4,0,0,0,0,0,0,0,0
361,Cambridge Gardens,12,1,0,1,0,3,0,0,0
362,Cambridge Park,35,0,1,4,2,4,0,0,0
363,Camden,22,17,16,27,3,56,0,14,0
364,Camden Head,1,0,0,0,0,0,0,0,0
365,Camden Park,3,0,0,0,0,0,0,2,0
366,Camden South,24,0,0,2,0,0,0,2,0
367,Camellia,1,2,0,0,1,1,0,0,1
368,Cameron Park,28,1,0,3,1,3,0,1,0
369,Cammeray,15,5,5,7,1,18,0,3,0
370,Campbelltown,54,50,32,46,51,59,0,60,2
371,Camperdown,23,10,0,6,10,27,1,7,0
372,Campsie,42,21,27,32,25,57,0,15,1
373,Campvale,6,0,0,0,0,1,0,0,0
374,Cams Wharf,1,1,0,0,0,1,0,0,0
375,Canada Bay,7,0,0,0,0,0,0,0,0
376,Canadian Lead,0,0,0,0,0,0,0,0,1
377,Candelo,1,1,0,0,0,1,0,0,0
378,Cangai,1,0,0,0,0,0,0,0,0
379,Canley Heights,31,10,6,5,1,35,0,0,0
380,Canley Vale,31,4,2,3,4,25,0,2,1
381,Canobolas,0,0,0,0,0,3,0,0,0
382,Canoelands,0,0,0,0,0,0,1,0,0
383,Canowindra,1,4,0,2,5,7,0,0,2
384,Canterbury,15,6,7,4,3,22,0,3,1
385,Canton Beach,4,1,0,1,0,0,0,0,0
386,Capertee,1,1,0,0,0,0,0,0,2
387,Captains Flat,0,0,0,0,0,1,0,0,0
388,Caragabal,0,0,0,0,0,0,0,0,1
389,Carcoar,2,0,0,0,0,2,0,0,1
390,Cardiff,1,5,5,9,27,16,0,0,1
391,Cardiff Heights,13,0,0,1,1,1,0,0,0
392,Cardiff South,17,0,0,2,0,1,0,0,0
393,Carey Bay,7,1,3,3,0,1,0,0,0
394,Cargo,0,1,0,0,0,0,0,0,0
395,Caringbah,46,32,18,33,46,55,0,13,1
396,Caringbah South,46,2,2,5,1,5,0,0,0
397,Carlingford,50,13,18,21,8,46,0,10,0
398,Carlton,2,9,0,10,12,0,0,1,1
399,Carnes Hill,2,4,0,4,1,15,0,0,0
400,Carool,0,0,0,0,0,1,1,0,0
401,Caroona,1,0,0,0,0,0,0,0,2
402,Carramar,10,0,0,1,0,2,0,1,1
403,Carrington,15,3,0,2,4,12,0,4,0
404,Carroll,1,0,0,0,0,0,0,1,0
405,Carrs Creek,2,0,0,0,0,0,0,0,0
406,Carss Park,8,1,0,0,2,4,0,1,0
407,Cartwright,10,0,0,0,0,0,0,0,0
408,Cartwrights Hill,2,0,0,0,0,1,0,0,0
409,Carwoola,0,0,0,1,0,0,0,0,0
410,Casino,8,8,4,9,25,0,0,8,1
411,Cassilis,0,1,0,0,0,0,0,0,0
412,Castle Cove,21,1,1,0,1,2,0,0,0
413,Castle Doyle,0,1,0,0,0,0,0,0,0
414,Castle Hill,51,50,48,40,1,57,0,60,0
415,Castlecrag,12,2,1,2,0,9,0,6,0
416,Castlereagh,0,0,0,0,1,0,0,0,0
417,Casuarina,7,4,1,0,0,11,0,0,0
418,Casula,58,10,9,8,3,34,0,7,1
419,Catalina,1,0,0,0,0,0,0,0,0
420,Catherine Field,13,1,0,1,1,1,0,0,0
421,Catherine Hill Bay,16,1,0,0,0,1,0,0,0
422,Cathundral,0,0,0,0,0,0,0,0,1
423,Cattai,9,0,0,1,0,2,0,0,0
424,Caves Beach,19,2,0,1,4,5,0,1,0
425,Cawdor,17,0,0,0,0,1,0,0,0
426,Cawongla,0,1,0,0,0,0,0,0,0
427,Cecil Hills,31,1,1,4,1,2,0,0,0
428,Cecil Park,10,0,0,0,0,0,0,0,0
429,Centennial Park,10,4,0,0,0,1,0,1,0
430,Central Mangrove,10,0,0,0,2,0,0,0,0
431,Central Tilba,1,5,0,0,0,3,0,0,0
432,Cessnock,36,18,11,19,30,47,0,13,0
433,Chain Valley Bay,16,0,0,1,1,0,0,0,0
434,Chakola,0,0,0,0,0,1,0,0,0
435,Charbon,1,0,0,0,0,0,0,0,0
436,Charles Sturt University,0,1,1,0,0,1,0,0,0
437,Charlestown,44,22,21,28,5,46,0,59,0
438,Charlotte Bay,1,0,0,1,0,0,0,0,0
439,Charmhaven,27,2,1,3,18,11,0,2,0
440,Chatswood,44,57,60,59,22,59,2,60,1
441,Chatswood West,18,0,1,1,1,1,0,0,0
442,Chatsworth,1,0,0,0,0,0,0,0,0
443,Cheero Point,1,0,0,0,0,0,0,0,0
444,Cheltenham,1,1,0,0,0,0,0,0,1
445,Cherrybrook,48,7,6,3,1,13,0,6,0
446,Chester Hill,48,7,7,9,4,27,0,11,1
447,Chifley,18,0,0,0,1,2,0,0,0
448,Chilcotts Grass,1,0,0,0,0,0,0,0,0
449,Chillingham,1,0,0,0,0,0,0,0,0
450,Chinderah,10,9,0,0,4,10,0,0,0
451,Chippendale,5,28,1,8,3,54,0,11,0
452,Chipping Norton,36,9,6,3,34,18,0,3,0
453,Chisholm,0,1,0,0,0,0,0,0,0
454,Chiswick,0,2,0,1,0,5,0,1,0
455,Chittaway Bay,22,1,0,2,1,2,0,0,0
456,Chittaway Point,10,0,0,0,0,1,0,0,0
457,Chullora,9,6,0,3,2,5,0,0,0
458,Church Point,31,1,0,0,0,3,0,0,0
459,Clandulla,1,0,0,0,0,0,0,0,1
460,Claremont Meadows,32,0,1,3,1,1,0,1,0
461,Clarence,0,0,0,0,0,0,0,0,1
462,Clarence Town,0,2,0,0,0,2,0,1,0
463,Clarendon,1,2,0,0,0,3,0,0,1
464,Clarenza,4,1,0,0,0,2,0,0,0
465,Clareville,18,0,0,0,0,1,0,0,0
466,Claymore,14,0,0,0,0,0,0,0,0
467,Clearfield,0,0,0,0,0,0,0,0,1
468,Clemton Park,0,2,0,0,0,2,0,0,0
469,Clergate,0,0,0,0,0,0,0,0,2
470,Cliftleigh,10,0,0,0,0,1,0,0,0
471,Clifton,2,0,0,0,0,0,0,0,0
472,Clifton Grove,0,0,0,0,0,1,0,1,0
473,Clontarf,0,1,0,0,0,2,0,0,0
474,Clothiers Creek,2,0,0,0,1,0,0,0,0
475,Clovass,2,0,0,0,0,0,0,0,0
476,Clovelly,22,5,3,3,0,10,0,2,0
477,Clunes,0,0,0,0,0,0,1,0,0
478,Clyde,3,1,0,0,10,3,0,3,0
479,Coal Point,13,0,0,0,0,0,0,1,0
480,Coalcliff,6,0,0,0,0,0,0,0,1
481,Coasters Retreat,2,0,0,0,0,0,0,0,0
483,Cobargo,5,3,0,0,1,4,0,3,0
484,Cobbadah,1,0,0,0,0,0,0,0,0
485,Cobbitty,15,1,0,0,0,1,0,0,0
486,Coffee Camp,2,0,0,0,0,0,0,0,0
487,Coffs Harbour,57,53,47,48,47,59,0,59,1
488,Coila,2,0,0,0,0,0,0,0,0
489,Colebee,14,2,1,4,0,4,0,1,0
490,Coledale,14,2,0,1,0,3,0,0,1
491,Collaroy,10,9,1,7,1,29,0,3,0
492,Collaroy Plateau,25,2,3,4,0,10,0,1,0
493,Collector,2,2,0,0,0,4,0,0,0
494,Collombatti,5,0,0,0,0,0,0,0,1
495,Colly Blue,0,0,0,0,0,0,0,0,1
496,Colo,0,1,0,0,0,1,0,0,0
497,Colo Vale,5,1,0,0,0,0,0,0,0
498,Colyton,39,0,1,3,2,7,0,0,0
499,Comberton,0,0,0,0,1,0,0,0,0
500,Comboyne,0,1,0,0,0,1,0,0,0
501,Como,8,3,0,1,0,3,0,0,1
502,Conargo,1,0,0,0,0,0,0,0,0
503,Concord,40,15,11,14,6,32,0,7,0
504,Concord West,18,7,2,4,2,7,0,3,1
505,Condell Park,3,3,2,5,32,14,0,5,0
507,Condong,3,0,0,0,0,1,0,0,0
508,Congarinni North,1,0,0,0,0,0,0,0,0
509,Coniston,3,2,3,3,2,2,0,1,1
510,Conjola,2,0,0,0,0,0,0,0,0
511,Conjola Park,1,0,0,0,0,0,0,0,0
512,Connells Point,16,0,0,0,1,0,0,0,0
513,Constitution Hill,14,1,1,2,0,2,0,1,0
514,Coogee,36,17,5,19,3,52,0,6,0
515,Cooks Hill,16,10,1,3,2,0,0,8,0
516,Coolac,1,1,0,0,0,1,0,0,0
517,Coolagolite,7,0,0,0,1,0,0,0,0
518,Coolah,1,2,1,1,5,4,0,1,3
519,Coolamon,0,3,1,0,1,5,0,1,1
520,Coolongolook,2,3,0,0,0,3,0,0,0
521,Cooma,28,15,3,8,26,26,0,13,0
522,Coomba Bay,1,0,0,0,0,0,0,0,0
523,Coomba Park,1,0,0,0,0,0,0,0,0
524,Coonabarabran,1,5,2,1,7,9,0,4,0
525,Coonamble,2,3,1,4,7,8,0,1,1
526,Coopernook,1,0,0,0,0,1,0,0,1
527,Coorabell,0,0,0,1,0,0,0,0,0
528,Cooranbong,20,3,2,1,5,3,0,0,0
529,Cootamundra,1,10,3,5,17,15,0,9,5
530,Cooyal,0,1,0,0,0,1,0,0,0
531,Copacabana,11,2,0,2,0,3,0,1,0
532,Copmanhurst,3,0,0,0,0,0,0,0,0
533,Coraki,2,1,0,1,0,4,0,0,0
534,Coramba,0,1,0,0,0,1,0,0,1
535,Cordeaux Heights,24,1,1,1,0,2,0,0,0
536,Corindi Beach,18,2,0,0,0,3,0,0,0
537,Corlette,35,0,0,1,0,5,0,0,0
538,Corney Town,0,0,0,0,1,0,0,0,0
539,Corowa,1,9,3,8,16,16,0,6,0
540,Corrimal,36,9,11,19,11,23,0,19,1
541,Corunna,0,0,0,0,0,1,0,0,0
542,Cottage Point,0,1,0,0,0,2,0,0,0
543,Couridjah,6,0,0,0,0,0,0,0,1
544,Coutts Crossing,0,0,0,0,0,1,0,0,0
545,Cowan,7,2,0,0,0,1,0,0,0
546,Cowra,10,10,2,4,27,24,0,11,5
547,Crackenback,1,2,0,1,0,5,0,0,1
548,Cranebrook,47,3,1,5,3,6,0,1,0
549,Crangan Bay,9,0,0,0,0,0,0,0,0
550,Craven,1,0,0,0,0,0,0,0,0
551,Cremorne,24,7,6,11,3,27,0,4,0
552,Cremorne Point,17,1,0,0,0,0,0,0,0
553,Crescent Head,1,6,0,1,0,10,0,2,0
554,Crestwood,1,0,0,0,1,1,0,1,0
555,Cringila,7,1,0,2,3,5,0,2,0
556,Cromer,23,5,0,6,17,4,0,2,0
557,Cronulla,47,34,12,34,1,60,1,32,1
558,Crookwell,4,3,1,3,8,3,0,2,0
559,Croudace Bay,11,0,0,1,0,0,0,0,0
560,Crowdy Head,0,1,0,0,0,1,0,0,0
561,Crows Nest,23,22,28,30,9,56,0,16,0
562,Crowther,0,0,0,0,0,0,0,0,1
563,Croydon,1,5,5,0,7,13,0,5,1
564,Croydon Park,20,3,2,6,5,17,0,1,0
565,Crystal Creek,0,1,0,0,0,1,0,0,0
566,Cudal,1,2,0,0,0,0,0,0,0
567,Cudgen,4,0,0,0,0,2,0,0,0
568,Cudmirrah,2,0,0,0,0,0,0,0,0
569,Culburra Beach,15,10,1,4,3,9,0,2,0
570,Culcairn,2,2,0,1,3,2,0,0,1
571,Cullen Bullen,2,0,0,0,0,0,0,0,1
572,Cullerin,0,0,0,0,0,1,0,0,1
573,Cumbalum,1,0,0,1,0,0,0,1,0
574,Cundletown,2,0,0,0,1,0,0,0,0
575,Cunjurong Point,1,1,0,0,0,0,0,0,0
576,Curl Curl,14,2,0,1,0,2,0,0,0
577,Curlwaa,0,1,0,0,2,0,0,0,0
578,Currabubula,2,1,0,0,0,0,0,0,1
579,Curramore,1,0,0,0,0,0,0,0,0
580,Currans Hill,19,0,0,1,0,3,0,0,0
581,Currarong,8,0,0,0,0,2,0,0,0
582,Currawong Beach,1,0,0,0,0,0,0,0,0
583,Daceyville,5,0,1,0,0,0,0,0,0
584,Dairymans Plains,1,0,0,0,0,0,0,0,0
585,Daleys Point,7,2,0,0,0,1,0,0,0
586,Dalgety,1,2,0,0,0,3,0,0,0
587,Dalmeny,0,1,0,1,1,2,0,0,0
588,Dandry,0,1,0,0,0,0,0,0,0
589,Dangar Island,1,1,0,0,0,0,0,0,0
590,Dapto,38,8,8,14,23,42,0,20,1
591,Darawank,4,3,0,0,0,1,0,0,0
592,Darbys Falls,1,0,0,0,0,0,0,0,0
593,Dareton,2,0,0,0,0,2,0,0,0
594,Dargan,0,1,0,0,0,0,0,0,1
595,Darkes Forest,0,0,0,0,1,0,1,1,0
596,Darling Point,13,2,0,1,0,2,0,1,0
597,Darlinghurst,31,33,5,42,5,58,0,28,0
598,Darlington,4,13,0,1,1,10,0,1,0
599,Daroobalgie,0,0,0,0,0,1,0,0,1
600,Davidson,12,1,0,1,0,2,0,0,0
601,Davistown,18,1,0,1,0,5,0,0,0
602,Dawes Point,2,2,0,1,0,13,0,1,0
603,Dean Park,24,1,0,1,0,4,0,0,0
604,Dee Why,46,24,35,29,9,58,0,12,0
605,Deep Creek,0,0,0,1,0,0,0,0,0
606,Deepwater,0,0,0,0,0,1,0,0,0
607,Delegate,0,1,0,0,1,0,0,0,0
608,Delungra,1,0,0,0,1,0,0,0,0
609,Denham Court,11,1,1,1,0,5,0,1,0
610,Deniliquin,18,8,2,10,16,18,0,6,4
611,Denistone,16,0,0,0,0,1,0,0,1
612,Denistone East,7,0,1,0,0,1,0,0,0
613,Denistone West,3,0,0,0,0,0,0,0,0
614,Denman,4,2,0,1,0,5,0,1,2
615,Derriwong,0,0,0,0,0,0,0,0,1
617,Dharruk,17,0,0,1,1,0,0,1,0
618,Dhuragoon,0,0,0,0,0,0,0,0,1
619,Diamond Beach,1,0,0,1,2,2,0,0,0
620,Dilkoon,0,0,0,0,0,0,0,0,1
621,Dirty Creek,3,0,0,0,0,0,0,0,0
622,Dolans Bay,5,0,0,0,0,0,0,0,0
623,Dolls Point,7,2,1,1,0,1,0,0,0
624,Doon Doon,0,0,0,0,0,0,0,1,0
625,Doonbah,0,0,0,0,0,1,0,0,0
626,Doonside,43,5,2,5,4,20,0,1,1
627,Dooralong,15,0,0,0,0,0,0,0,0
628,Dora Creek,8,0,0,2,0,2,0,0,1
629,Dorrigo,0,8,2,3,3,5,1,1,0
630,Dorroughby,1,0,0,0,0,0,0,0,0
631,Double Bay,12,28,27,50,0,38,0,59,0
632,Douglas Park,3,1,0,2,1,1,0,0,1
633,Dover Heights,23,1,1,0,0,1,0,0,0
634,Doyalson,6,0,0,0,8,0,0,1,0
635,Doyalson North,9,0,0,0,4,0,0,0,0
636,Drake Village,1,0,0,0,0,1,0,0,0
637,Drummoyne,6,21,9,19,5,45,0,44,0
638,Dubbo,58,52,16,54,56,60,0,60,2
639,Duckenfield,0,1,0,0,0,0,0,0,0
640,Dudley,0,1,0,1,0,0,0,0,0
641,Duffys Forest,16,0,0,0,0,0,0,0,0
642,Dulwich Hill,19,15,12,10,7,37,0,5,1
643,Dunbogan,4,1,0,0,0,1,0,0,0
644,Dundas,19,1,0,1,0,5,0,0,0
645,Dundas Valley,22,1,2,1,0,2,0,1,0
646,Dunedoo,2,3,0,0,0,6,0,0,5
647,Dungog,2,6,1,2,6,9,0,1,1
648,Dunkeld,1,0,0,0,0,0,0,0,0
649,Dunmore,0,0,0,0,0,0,0,0,1
650,Duns Creek,4,0,0,0,0,0,0,0,0
651,Dural,21,16,14,14,17,39,0,8,0
652,Duranbah,0,1,0,0,0,1,0,0,0
653,Duri,3,0,0,0,0,0,0,0,0
654,Durras North,0,1,0,0,0,0,0,0,0
655,Durren Durren,5,0,0,0,0,0,0,0,0
656,Dyers Crossing,1,0,0,0,0,0,0,0,0
657,Eagle Vale,23,3,1,2,1,8,0,0,0
658,Earlwood,41,10,10,13,2,26,0,12,0
659,East Albury,35,5,0,2,8,4,0,2,0
660,East Ballina,14,4,1,2,1,8,0,3,0
661,East Branxton,11,0,0,0,0,2,0,0,0
662,East Corrimal,17,3,0,5,0,6,0,0,0
663,East Gosford,27,6,4,10,1,18,0,11,0
664,East Gresford,3,2,0,0,2,1,0,0,0
665,East Hills,28,0,1,2,1,2,0,0,1
666,East Jindabyne,0,0,0,0,0,1,0,0,0
667,East Kangaloon,1,0,0,0,0,0,0,0,0
668,East Kempsey,11,1,0,0,0,1,0,0,0
669,East Killara,18,1,1,1,0,2,0,2,0
670,East Kurrajong,2,0,0,0,0,1,0,0,0
671,East Lindfield,34,1,0,0,0,1,0,1,0
672,East Lismore,14,2,1,1,6,3,0,0,0
673,East Lynne,1,0,0,0,0,0,0,0,0
674,East Maitland,49,23,8,23,26,57,0,58,2
675,East Ryde,4,1,0,1,0,2,0,0,0
676,East Tamworth,22,1,0,0,0,2,0,0,0
677,East Wagga Wagga,4,3,1,0,19,6,0,2,0
678,Eastern Creek,33,10,0,3,7,20,0,2,0
679,Eastgardens,3,11,2,12,1,24,0,35,0
680,Eastlakes,18,3,3,3,1,9,0,3,0
681,Eastwood,40,18,34,27,2,58,0,8,1
682,Eatonsville,1,0,0,0,0,0,0,0,0
683,Ebenezer,6,1,0,0,0,1,0,0,0
684,Ebor,0,1,0,0,0,0,0,0,0
685,Eden,16,5,2,6,7,17,0,5,0
686,Edensor Park,31,1,3,2,1,12,0,2,0
687,Edgecliff,5,4,11,11,3,7,0,5,1
688,Edgeroi,0,0,0,0,1,1,0,0,0
689,Edgeworth,49,2,2,3,10,9,0,1,0
690,Edith,0,0,0,0,0,1,0,0,0
691,Edmondson Park,21,3,0,2,0,9,0,1,1
692,Eglinton,5,1,0,1,0,1,0,0,0
693,Elands,1,1,0,0,0,0,0,0,0
694,Elanora Heights,2,3,1,3,0,4,0,0,0
695,Elderslie,25,0,0,2,3,1,1,0,0
696,Eleebana,43,1,0,0,0,0,0,1,0
697,Elermore Vale,33,2,1,1,1,4,0,0,0
698,Elizabeth Bay,6,3,1,2,1,4,0,1,0
699,Elizabeth Beach,1,0,0,0,0,1,0,0,0
700,Elizabeth Hills,7,0,0,0,0,0,0,0,0
701,Ellalong,6,1,0,0,0,1,0,0,0
702,Ellis Lane,4,0,0,0,0,0,0,0,0
703,Elong Elong,0,0,0,0,0,0,0,0,1
704,Elrington,1,0,0,0,0,0,0,0,0
705,Elsmore,2,0,0,0,0,0,0,0,0
706,Emerald Beach,10,2,0,1,0,5,0,0,0
707,Emerald Hill,0,0,0,0,0,0,0,0,1
708,Emerton,9,2,0,1,0,12,0,3,0
709,Emmaville,1,0,0,0,0,3,0,1,0
710,Empire Bay,28,2,1,1,0,3,0,1,0
711,Emu Heights,22,2,0,1,2,2,0,1,0
712,Emu Plains,44,7,3,5,14,18,0,5,1
713,Enfield,0,3,3,5,1,9,0,1,0
714,Engadine,56,16,9,19,14,46,0,9,1
715,Englorie Park,1,0,0,0,0,0,0,0,0
716,Enmore,2,6,4,10,2,35,0,4,0
717,Epping,13,8,19,11,2,36,0,3,1
718,Eraring,2,0,0,0,0,0,0,0,0
719,Erigolia,0,0,0,0,0,0,0,0,1
720,Erina,39,27,15,28,39,52,0,60,0
721,Erina Heights,12,2,0,3,0,3,0,2,0
722,Ermington,44,4,2,5,3,19,0,0,0
723,Erowal Bay,2,0,0,0,0,0,0,0,0
724,Erskine Park,40,3,1,3,2,9,0,4,0
725,Erskineville,11,13,2,3,2,17,1,3,1
726,Eschol Park,7,0,0,0,0,0,0,0,0
727,Estella,15,0,1,0,0,1,0,0,0
728,Ettalong Beach,39,18,3,15,0,27,0,7,0
729,Euabalong,3,0,0,0,0,0,0,0,0
730,Euabalong West,1,0,0,0,0,0,0,0,0
731,Euchareena,1,0,0,0,0,0,0,0,3
732,Eugowra,1,3,0,0,0,1,0,0,0
733,Eumungerie,1,0,0,0,0,0,0,0,0
734,Eunanoreenya,0,0,0,0,0,1,0,0,0
735,Eungai Creek,0,0,0,0,0,1,0,0,0
736,Eungai Rail,1,0,0,0,0,0,0,0,1
737,Eungella,0,0,0,0,0,0,1,0,0
738,Eureka,1,0,0,0,0,0,0,0,0
739,Eurunderee,0,0,0,0,0,2,2,0,0
740,Evans Head,1,4,1,2,3,14,0,1,0
741,Eveleigh,4,4,0,1,0,1,0,0,1
742,Ewingsdale,4,1,0,0,0,2,0,0,0
743,Exeter,1,1,0,0,0,1,0,1,1
744,Fairfield,41,21,26,32,7,47,0,35,1
745,Fairfield East,27,1,0,3,9,6,0,2,0
746,Fairfield Heights,18,4,2,10,2,20,0,1,0
747,Fairfield West,36,2,2,14,1,7,0,0,0
748,Fairlight,29,3,0,2,1,2,0,3,0
749,Fairy Hill,0,0,0,0,0,0,0,0,1
750,Fairy Meadow,45,10,9,13,33,32,0,20,1
751,Falls Creek,0,0,1,0,0,0,0,0,0
752,Farley,0,0,0,0,1,0,0,0,0
753,Farmborough Heights,29,0,0,0,1,0,0,2,0
754,Fassifern,4,0,0,0,0,0,0,0,1
755,Faulconbridge,32,2,0,2,2,6,0,0,1
756,Federal,0,2,0,0,0,2,0,0,0
757,Fennell Bay,11,0,0,0,0,2,0,1,0
758,Fern Bay,18,0,0,1,0,2,0,0,0
759,Fernbank Creek,1,1,0,0,0,1,0,0,0
760,Fernhill,2,0,0,0,1,0,0,0,0
761,Ferodale,3,0,0,0,0,0,0,0,0
762,Figtree,38,10,4,17,7,26,0,12,0
763,Fingal Bay,16,3,0,1,1,5,0,0,0
764,Fingal Head,1,1,0,0,0,1,0,0,0
765,Finley,1,1,2,2,5,5,0,1,0
766,Fishermans Paradise,1,0,0,0,0,0,0,0,0
767,Fishing Point,4,0,0,0,0,0,0,1,0
768,Fitzroy Falls,15,2,0,0,0,1,0,0,0
769,Five Dock,47,22,24,18,2,37,0,8,0
770,Fletcher,1,1,2,5,0,5,0,1,0
771,Flinders,25,0,1,0,0,0,0,2,0
772,Floraville,8,0,0,2,0,0,0,0,0
773,Forbes,51,9,3,4,18,21,0,13,0
774,Forbesdale,0,0,0,0,0,0,0,0,1
775,Forest Glen,0,0,0,0,0,1,0,0,0
776,Forest Lodge,10,6,0,3,0,13,0,2,0
777,Forestville,18,5,4,4,9,8,0,1,0
778,Forresters Beach,10,2,0,3,0,4,0,3,0
779,Forster,14,27,6,19,26,47,0,38,0
780,Fountaindale,11,0,0,0,4,1,0,1,0
781,Foxground,0,0,0,0,0,1,0,0,0
782,Frederickton,3,0,0,0,0,1,0,0,0
783,Freemans Reach,17,2,0,1,0,2,0,0,0
784,Freemans Waterhole,3,1,0,0,0,1,0,0,0
785,French Park,0,0,0,0,0,0,0,0,1
786,Frenchs Forest,39,14,6,12,0,27,0,7,0
787,Freshwater,24,8,1,9,2,23,0,3,0
788,Frogs Hollow,1,0,0,0,1,0,0,0,0
789,Fullerton Cove,18,0,0,0,0,0,0,0,0
790,Galong,1,0,0,0,0,0,0,0,0
791,Galston,23,4,2,3,0,9,0,0,0
792,Ganmain,0,1,0,2,0,0,0,0,0
793,Garden Suburb,13,0,0,0,0,0,0,1,0
794,Gateshead,0,5,0,0,19,10,0,0,0
795,Geehi,0,1,0,0,0,2,0,0,0
796,Gemalla,0,0,0,0,0,0,0,0,1
797,Georges Hall,1,4,3,6,0,18,0,1,0
798,Georges Plains,1,0,0,0,0,0,0,1,0
799,Georgetown,7,2,1,5,3,0,0,1,0
800,Gerogery,2,0,0,0,0,0,0,0,1
801,Gerringong,18,8,3,5,4,22,0,6,0
802,Gerroa,9,1,0,0,0,2,0,0,0
803,Geurie,2,0,0,0,0,0,0,0,1
804,Gibraltar Range,1,0,0,0,0,0,0,0,0
805,Gidginbung,0,0,0,0,0,0,0,0,1
806,Gilead,1,0,0,0,0,0,0,0,0
807,Gilgai,1,0,0,0,0,1,0,0,0
808,Gilgandra,1,4,2,2,4,6,0,1,1
809,Gillieston Heights,17,0,0,1,0,1,0,3,0
810,Girards Hill,1,0,0,3,0,2,0,0,0
811,Girilambone,1,0,0,0,0,0,0,0,0
812,Girral,0,0,0,0,0,0,0,0,1
813,Girraween,27,3,0,0,25,9,0,0,0
814,Gladesville,32,17,11,23,37,44,0,7,0
815,Gladstone,0,3,0,0,0,0,0,1,0
816,Glebe,18,35,8,13,4,56,0,16,0
817,Gledswood Hills,24,2,2,4,1,10,0,2,0
818,Glen Alpine,24,0,0,1,0,3,0,0,0
819,Glen Innes,3,13,2,7,15,20,0,5,0
820,Glen Oak,0,0,0,0,1,0,0,0,0
821,Glenbrook,35,5,4,4,0,9,0,4,1
822,Glencoe,1,1,0,0,0,1,0,0,0
823,Glendale,25,6,5,5,1,25,0,11,0
824,Glendenning,26,3,0,2,18,7,0,3,0
825,Glenfield,36,4,5,4,0,6,0,0,1
826,Glenfield Park,14,4,0,0,0,5,0,1,0
827,Glenhaven,45,2,3,2,0,2,0,2,0
828,Glenmore Park,55,7,6,4,0,16,0,5,0
829,Glennies Creek,0,0,0,0,0,0,0,0,1
830,Glenning Valley,20,0,1,0,0,0,0,0,0
831,Glenorie,19,2,1,4,5,3,0,0,0
832,Glenquarry,1,0,0,0,0,0,0,0,1
833,Glenreagh,1,0,0,0,0,1,0,0,1
834,Glenridding,0,0,0,1,0,0,0,0,0
835,Glenthorne,0,1,0,0,1,2,0,0,0
836,Glenwood,51,3,2,3,0,10,0,2,0
837,Glossodia,26,0,0,1,1,2,0,0,0
838,Gloucester,1,2,2,4,6,12,0,8,1
839,Gobbagombalin,2,0,0,0,0,0,0,0,0
840,Gol Gol,1,1,0,0,1,0,0,0,0
841,Gongolgon,1,0,0,0,0,0,0,0,0
842,Goobarragandra,0,0,0,0,0,1,0,0,0
843,Googong,6,1,0,1,1,1,0,1,0
844,Goolgowi,0,0,0,0,1,0,1,0,0
845,Goolmangar,1,0,0,0,0,0,0,0,0
846,Goonellabah,17,5,4,4,7,10,0,1,0
847,Goonengerry,1,0,0,0,1,0,0,1,0
848,Gordon,14,10,21,12,1,30,0,6,1
849,Gormans Hill,4,0,0,0,1,0,0,0,0
850,Gorokan,35,1,2,4,4,7,0,4,0
851,Gosford,34,21,18,19,17,38,0,17,0
852,Gostwyck,0,0,0,0,0,0,0,1,0
853,Goulburn,11,20,13,26,56,58,0,29,1
854,Grabben Gullen,1,0,0,0,0,0,0,0,0
855,Grafton,0,19,12,26,19,36,0,31,0
856,Grahamstown,1,0,0,0,0,0,0,0,0
857,Granville,41,12,8,12,28,32,0,9,2
858,Grasmere,8,0,0,0,0,0,0,0,0
859,Grassy Head,0,0,0,0,0,1,0,0,0
860,Grays Point,27,1,0,0,0,1,0,1,0
861,Great Mackerel Beach,1,0,0,0,0,0,0,0,0
862,Green Pigeon,0,0,0,0,0,0,1,0,0
863,Green Point,42,2,0,4,1,7,0,5,0
864,Green Valley,42,3,3,4,1,15,2,1,0
865,Greenacre,45,14,3,11,38,33,0,23,0
867,Greenethorpe,0,1,0,0,0,0,0,1,1
868,Greenfield Park,25,1,1,2,0,7,0,0,0
869,Greengrove,1,0,0,0,0,0,0,0,0
870,Greenhill,1,1,0,0,0,0,0,0,0
871,Greenwell Point,14,1,0,1,1,3,0,0,0
872,Greenwich,13,6,0,2,0,3,0,0,0
873,Gregory Hills,19,6,2,8,12,20,0,5,0
874,Greigs Flat,4,0,0,0,0,0,0,0,0
875,Grenfell,1,2,0,2,3,5,0,3,0
876,Gresford,0,0,0,0,0,1,0,0,0
877,Greta,15,3,1,3,0,8,0,1,1
878,Greta Main,2,0,0,0,0,0,0,0,0
879,Greystanes,18,9,1,15,2,23,0,0,0
880,Griffith,15,17,6,26,44,43,0,39,1
881,Grong Grong,2,1,0,0,0,0,0,0,2
882,Grose Vale,9,0,0,1,0,0,1,0,0
883,Grose Wold,1,0,0,0,1,0,0,0,0
884,Guildford,51,6,3,23,18,32,0,7,1
885,Guildford West,33,0,1,3,3,6,0,3,0
886,Gulargambone,1,0,0,0,0,0,0,0,1
887,Gulgong,2,3,1,2,3,5,0,0,1
888,Gumly Gumly,2,2,0,0,1,3,0,0,0
889,Gundagai,2,4,1,1,2,11,0,5,0
890,Gundaroo,0,4,0,0,0,5,0,0,0
891,Gunderman,0,1,0,0,0,0,0,0,0
892,Gunnedah,22,9,3,9,24,25,0,9,1
893,Gunning,1,2,0,1,2,2,0,0,1
894,Gunningbland,0,0,0,0,0,0,0,0,1
895,Gurley,0,0,0,0,0,0,0,0,1
896,Guyra,1,5,0,2,4,3,0,2,0
897,Gwabegar,0,0,0,0,0,1,0,0,0
898,Gwandalan,16,3,1,3,3,1,0,0,0
899,Gwynneville,15,3,0,1,0,9,0,1,0
900,Gymea,35,14,2,9,0,35,0,5,1
901,Gymea Bay,21,2,0,1,1,2,0,0,0
902,Haberfield,22,9,3,6,4,21,0,5,0
903,Halekulani,16,1,0,0,0,0,0,0,0
904,Halfway Creek,8,1,0,0,0,0,0,0,0
905,Hallidays Point,0,2,0,0,0,4,0,0,0
906,Halloran,1,0,0,0,0,0,0,0,0
907,Hamilton,0,9,14,11,2,13,0,0,1
908,Hamilton East,3,1,0,0,1,0,0,0,0
909,Hamilton North,6,1,0,0,1,0,0,2,0
910,Hamilton South,23,0,3,4,0,2,0,1,0
911,Hamilton Valley,0,0,0,0,1,0,0,0,0
912,Hamlyn Terrace,36,1,0,3,0,0,0,0,0
913,Hammondville,3,4,0,0,0,6,0,0,0
914,Hampton,0,0,0,0,0,1,0,0,0
915,Hannam Vale,0,1,0,0,0,1,0,0,0
916,Hanwood,1,0,0,0,0,0,0,0,0
917,Harden,2,3,1,0,5,6,0,3,1
918,Hardys Bay,3,0,0,0,0,3,0,0,0
919,Harefield,0,0,0,0,0,1,0,0,1
920,Harpers Hill,3,0,0,0,0,0,0,0,0
921,Harrington,0,3,0,2,3,10,0,1,0
922,Harrington Park,29,1,1,3,0,8,0,0,0
923,Harris Park,18,2,10,6,0,33,0,2,0
924,Hartley,0,3,0,0,0,2,0,0,0
925,Hartley Vale,0,0,0,0,0,1,0,0,0
926,Harwood,1,0,0,0,0,1,0,0,0
927,Hassall Grove,23,1,1,2,0,4,0,0,0
928,Hastings Point,6,2,0,1,0,3,0,0,0
929,Havilah,0,0,0,0,0,0,0,0,1
930,Hawkesbury Heights,7,0,0,0,0,0,0,0,0
931,Hawks Nest,1,3,0,1,0,4,0,1,0
933,Haymarket,18,39,7,26,1,55,0,30,1
934,Haywards Bay,1,0,0,0,0,2,0,0,0
935,Hazelbrook,34,3,1,2,0,5,0,1,1
936,Heathcote,43,5,1,1,1,0,0,1,1
937,Heatherbrae,14,5,0,0,13,12,0,0,0
938,Hebersham,26,0,0,0,1,1,0,0,0
939,Heckenberg,24,0,0,2,0,3,0,0,0
940,Heddon Greta,12,0,0,3,0,5,0,0,0
941,Helensburgh,59,5,3,8,10,14,0,2,1
942,Henley,3,0,0,0,0,0,0,0,0
943,Henty,0,1,0,1,2,0,0,0,1
944,Hermidale,1,0,0,0,0,0,0,0,0
945,Hermitage Flat,3,0,0,0,0,0,0,0,0
946,Herons Creek,0,0,0,0,0,0,0,0,1
947,Hexham,0,1,0,0,3,2,0,0,1
948,Hill End,0,1,0,0,0,2,0,0,0
949,Hill Top,9,0,0,1,1,2,0,1,0
950,Hilldale,1,0,0,0,0,0,0,0,1
951,Hillsborough,2,0,0,0,0,1,0,0,0
952,Hillsdale,6,2,2,1,6,9,0,1,0
953,Hillvue,1,2,0,1,0,6,0,1,0
954,Hinchinbrook,38,1,3,4,0,6,0,0,0
955,Hobartville,11,0,0,2,0,1,0,0,0
956,Hogarth Range,0,1,0,0,0,0,2,0,0
957,Holbrook,2,5,0,0,0,8,0,1,0
958,Holgate,2,1,0,0,0,1,0,0,0
959,Holmesville,13,0,0,3,0,1,0,0,0
960,Holroyd,3,0,0,0,1,1,0,1,0
961,Holsworthy,18,1,0,0,1,0,0,1,1
962,Homebush,23,8,9,4,10,25,0,50,1
963,Homebush West,8,9,3,3,6,23,0,1,1
964,Horningsea Park,20,0,1,2,0,7,0,0,0
965,Hornsby,44,37,55,37,17,53,1,56,1
966,Hornsby Heights,37,0,0,1,4,2,0,2,0
967,Horsfield Bay,2,0,0,0,0,0,0,0,0
968,Horsley,39,1,0,1,0,0,0,2,0
969,Horsley Park,42,4,0,1,1,7,0,2,0
970,Howlong,3,2,0,1,2,4,0,0,0
971,Hoxton Park,17,2,0,3,3,6,0,1,0
972,Hunters Hill,41,9,4,10,2,21,0,3,0
973,Hunterview,13,0,0,0,0,0,0,0,0
974,Huntingwood,13,0,0,1,2,1,0,0,0
975,Huntley,0,0,0,0,0,0,0,0,1
976,Huntleys Cove,0,1,0,0,0,1,0,0,0
977,Huntleys Point,4,0,0,0,0,0,0,0,0
978,Hurlstone Park,15,5,3,9,1,6,0,1,1
979,Hurstville,45,32,45,46,10,53,0,42,2
980,Hurstville Grove,17,0,0,0,0,0,0,1,0
981,Huskisson,2,13,0,2,10,25,0,6,0
982,Hyams Beach,2,1,0,0,0,1,0,0,0
983,Ilarwill,2,0,0,0,0,0,0,0,0
984,Illawong,25,1,2,6,0,5,0,0,0
985,Iluka,1,3,0,2,0,7,0,1,0
986,Ingleburn,46,17,6,12,57,39,0,18,1
987,Ingleside,8,1,0,0,0,1,0,0,0
988,Inverell,6,14,9,10,45,23,0,15,0
989,Islington,0,4,2,6,10,4,0,8,0
990,Jackadgery,3,0,0,0,0,0,0,0,0
991,Jacky Bulbin Flat,0,1,0,0,0,0,0,0,0
992,Jamberoo,16,2,0,1,1,4,0,0,0
993,Jamisontown,22,9,1,2,32,20,0,8,0
994,Jannali,8,4,6,12,2,17,0,4,1
995,Jeir,3,0,0,0,0,0,0,0,0
996,Jellat Jellat,2,0,0,0,0,0,0,0,0
997,Jenolan,0,1,0,0,0,1,0,0,0
998,Jerilderie,2,1,0,0,1,3,0,0,0
999,Jerrabomberra,10,3,2,2,1,6,0,1,0
1000,Jerrara,1,0,0,0,0,0,0,0,0
1001,Jerrawa,1,0,0,0,0,0,0,0,0
1002,Jerrys Plains,0,1,0,0,0,1,0,0,0
1003,Jesmond,15,6,3,4,1,18,0,6,0
1004,Jewells,14,2,0,1,0,4,0,1,0
1005,Jilliby,50,1,0,0,0,1,0,0,0
1006,Jindabyne,1,15,2,7,7,39,0,10,0
1007,Jindera,0,0,0,1,4,1,0,1,0
1008,Jingellic,1,0,0,0,0,1,0,0,0
1009,Johns River,1,1,0,0,1,1,0,0,1
1010,Jolly Nose,0,1,0,0,0,0,0,0,0
1011,Jordan Springs,17,2,1,4,1,7,0,1,0
1012,Jugiong,0,2,0,0,0,3,0,0,0
1013,Junction Hill,3,0,0,0,0,1,0,1,0
1014,Junee,8,5,1,3,4,9,0,0,1
1015,Kahibah,9,1,0,7,0,3,0,0,0
1016,Kalaru,10,1,0,0,1,2,0,0,0
1017,Kamarah,0,0,0,0,0,0,0,0,1
1018,Kanahooka,28,1,0,2,0,1,0,2,0
1019,Kandos,1,2,0,0,3,1,0,2,1
1020,Kangaloon,1,0,0,0,0,0,0,0,0
1021,Kangaroo Valley,6,4,0,2,0,7,0,2,0
1022,Kangy Angy,6,0,0,0,0,0,0,0,0
1023,Kanwal,32,2,2,3,3,6,0,1,0
1024,Kapooka,0,1,0,0,0,0,0,0,1
1025,Karaak Flat,0,0,0,0,0,0,0,0,1
1026,Karabar,27,1,1,0,0,3,0,0,0
1027,Kareela,23,1,1,3,0,4,0,0,0
1028,Kariong,32,1,1,6,5,5,0,1,0
1029,Karuah,2,3,0,0,1,7,0,0,0
1030,Katoomba,59,31,5,9,23,60,0,17,1
1031,Kearns,15,0,1,4,1,3,0,0,0
1032,Kearsley,9,1,0,1,1,2,0,0,0
1033,Keepit,0,0,0,0,0,1,0,0,0
1034,Keerrong,1,0,0,0,0,0,0,0,0
1035,Keiraville,25,4,1,5,1,9,0,1,0
1036,Kellyville,46,10,9,18,3,29,0,4,0
1037,Kellyville Ridge,10,3,6,3,0,4,0,1,0
1038,Kelso,5,4,0,1,8,11,1,3,0
1039,Kembla Grange,8,0,0,0,4,1,0,0,1
1040,Kembla Heights,4,0,0,0,0,1,0,0,0
1041,Kemps Creek,12,2,0,0,7,5,0,0,0
1042,Kempsey,6,15,3,7,22,22,0,10,0
1043,Kendall,0,2,0,0,1,2,0,0,1
1044,Kensington,22,19,7,2,3,34,0,2,0
1045,Kenthurst,33,3,0,1,6,4,0,1,0
1046,Kentlyn,10,0,0,0,0,0,0,0,0
1047,Kentucky,0,1,0,0,0,0,0,0,1
1048,Kentucky South,0,0,0,0,0,0,0,0,1
1049,Kerrabee,0,0,0,0,0,1,0,0,0
1050,Kerrs Creek,0,0,0,0,0,0,0,0,1
1051,Khancoban,0,2,0,0,0,0,0,0,0
1052,Kiama,31,24,11,12,8,45,0,22,1
1053,Kiama Downs,28,2,0,4,0,3,0,2,0
1054,Kiama Heights,11,0,0,0,0,0,0,0,0
1055,Kianga,4,1,0,0,0,1,0,0,0
1056,Kiar,3,0,0,0,0,0,0,0,0
1057,Kilaben Bay,9,0,0,0,0,0,0,0,0
1058,Kilgra,1,0,0,0,0,0,0,0,0
1059,Killara,29,2,0,3,4,3,0,0,1
1060,Killarney Heights,12,4,1,1,0,6,0,2,0
1061,Killarney Vale,30,3,2,8,0,6,0,1,0
1062,Killawarra,0,0,0,0,0,0,0,0,1
1063,Killcare,2,2,0,1,1,5,0,2,0
1064,Killcare Heights,6,0,0,0,0,1,0,0,0
1065,Killimicat,0,0,0,0,0,1,0,0,0
1066,Killingworth,11,0,0,0,1,0,0,0,0
1067,Kinchela,1,0,0,0,0,0,0,0,0
1068,Kincumber,51,9,7,9,3,18,0,1,0
1069,Kincumber South,4,1,0,0,1,0,0,0,0
1070,King Creek,1,0,0,0,1,0,0,0,0
1071,Kingfisher Shores,3,0,0,0,0,0,0,0,0
1072,Kings Langley,45,3,3,5,2,12,0,2,0
1073,Kings Park,4,7,0,0,30,0,0,0,0
1074,Kings Plains,0,0,0,0,0,0,0,1,0
1075,Kings Point,0,0,0,0,2,0,0,0,0
1076,Kingscliff,33,17,2,12,1,41,0,14,0
1077,Kingsford,23,10,7,10,7,56,0,3,0
1078,Kingsgrove,43,12,7,8,15,34,0,4,1
1079,Kingsvale,0,0,0,0,0,0,2,0,0
1080,Kingswood,44,8,2,2,18,26,1,1,1
1081,Kioloa,3,1,0,0,0,2,0,0,0
1082,Kirkham,4,0,0,0,0,0,0,0,0
1083,Kirrawee,36,15,5,7,55,29,1,8,1
1084,Kirribilli,3,8,1,2,0,25,0,1,0
1085,Kiwarrak,0,1,0,0,0,1,0,0,0
1086,Klori,4,0,0,0,0,0,0,0,0
1087,Knockrow,0,1,0,0,0,1,0,0,0
1088,Kogarah,42,22,25,26,18,55,0,6,1
1089,Kogarah Bay,19,1,0,1,0,3,0,0,0
1090,Koolewong,17,1,0,0,0,1,0,0,1
1091,Koolkhan,0,0,0,0,1,0,0,0,0
1092,Koonawarra,24,0,0,2,0,0,0,0,0
1093,Koonorigan,1,0,0,0,0,0,0,0,0
1094,Kooragang,2,0,0,0,0,1,0,0,0
1095,Koorawatha,1,0,0,0,0,1,0,0,0
1096,Kooringal,15,3,1,2,2,9,0,1,0
1097,Kootingal,12,2,0,1,0,2,0,0,1
1098,Koraleigh,0,1,0,0,0,0,0,0,0
1099,Korora,9,0,0,2,0,1,0,0,0
1100,Kotara,36,13,3,16,18,40,0,60,1
1101,Kotara South,11,0,0,0,0,0,0,0,0
1102,Krambach,1,1,0,0,0,1,0,0,0
1103,Kulnura,2,1,0,0,1,1,0,0,0
1104,Kundabung,2,0,0,0,0,1,0,0,1
1105,Kungala,0,0,0,0,0,0,0,0,1
1106,Kunghur,1,0,0,0,0,0,0,0,0
1107,Kurmond,4,0,0,1,1,5,0,0,0
1108,Kurnell,24,5,0,2,3,6,0,3,0
1109,Kurraba Point,2,1,0,0,0,0,0,0,0
1110,Kurrajong,13,4,0,3,0,5,0,3,0
1111,Kurrajong Heights,7,0,0,0,0,1,0,0,0
1112,Kurrajong Hills,3,0,0,0,0,0,0,0,0
1113,Kurri Kurri,31,7,3,7,9,19,0,1,0
1114,Kyalite,0,0,0,0,0,1,0,0,0
1115,Kyeemagh,8,1,0,0,0,2,0,0,0
1116,Kyle Bay,5,1,0,1,0,3,0,0,0
1117,Kyogle,3,6,1,5,9,7,0,3,1
1118,La Perouse,3,2,0,1,0,7,0,0,0
1119,Laffing Waters,0,0,0,1,0,0,0,0,0
1120,Laggan,0,0,0,0,0,1,0,0,0
1121,Laguna,0,1,0,0,0,1,0,0,0
1122,Lake Albert,13,2,0,2,0,3,0,0,0
1123,Lake Bathurst,0,0,0,0,0,0,0,0,1
1124,Lake Cargelligo,1,1,0,0,4,3,0,0,1
1125,Lake Cathie,17,1,3,2,1,4,0,4,0
1126,Lake Conjola,1,2,0,0,0,1,0,0,0
1127,Lake Cowal,0,0,0,0,0,0,0,0,3
1128,Lake George,0,1,0,0,0,2,0,0,1
1129,Lake Haven,18,5,3,5,7,16,0,7,0
1130,Lake Heights,33,1,0,1,1,3,0,0,0
1131,Lake Illawarra,24,0,0,3,0,3,0,2,0
1132,Lake Munmorah,43,4,2,3,0,11,0,0,0
1133,Lake Tabourie,4,0,0,1,0,2,0,1,0
1134,Lakemba,41,6,7,11,9,52,0,12,1
1135,Lakesland,1,0,0,0,0,0,0,0,0
1136,Lakewood,1,1,0,1,0,0,0,0,0
1137,Lalor Park,34,1,0,2,0,10,0,1,0
1138,Lambton,25,4,3,6,9,9,0,7,0
1139,Lane Cove,11,13,29,26,7,48,0,15,0
1140,Lane Cove North,32,5,0,1,5,6,0,1,0
1141,Lane Cove West,17,4,4,1,6,6,0,1,0
1142,Langley Vale,0,0,0,0,0,0,0,0,1
1143,Lanitza,0,0,0,0,2,0,0,0,1
1144,Lansdowne,1,1,0,0,0,1,0,0,0
1145,Lansvale,33,1,1,0,5,9,0,2,0
1146,Lapstone,10,0,0,0,0,0,0,0,1
1147,Largs,2,0,0,2,0,1,0,0,0
1148,Laughtondale,0,0,0,0,0,0,2,0,0
1149,Laurel Hill,1,0,0,0,0,0,0,0,0
1150,Laurieton,14,5,2,5,3,15,0,8,0
1151,Lavender Bay,3,1,0,0,0,2,0,0,0
1152,Lavington,6,10,2,15,24,36,0,15,0
1153,Lawson,17,3,1,2,9,11,0,0,1
1154,Leconfield,1,0,0,0,0,0,0,0,0
1155,Leeton,2,11,2,7,22,24,0,9,2
1156,Leichhardt,34,26,28,24,22,54,0,29,0
1157,Lemon Tree,1,0,0,0,0,0,0,0,0
1158,Lemon Tree Passage,13,1,0,0,5,3,0,1,0
1159,Len Waters Estate,2,3,1,2,0,5,0,0,0
1160,Lennox Head,3,10,5,8,0,23,0,17,0
1161,Leonay,12,1,0,1,1,1,0,0,0
1162,Leppington,41,2,1,2,3,14,0,1,1
1163,Lethbridge Park,21,0,0,2,0,1,0,0,0
1164,Leumeah,43,3,3,6,13,13,0,1,1
1165,Leura,43,17,4,1,1,27,0,15,1
1166,Lewisham,10,3,0,2,7,4,0,1,1
1167,Lidcombe,47,25,9,12,19,52,0,8,1
1168,Lidsdale,2,0,0,0,0,0,0,0,0
1170,Lilli Pilli,13,2,0,2,0,4,0,1,0
1171,Lillian Rock,1,0,0,0,1,0,0,0,0
1172,Lilyfield,18,7,1,5,1,7,0,1,0
1173,Limbri,0,0,0,0,0,0,0,0,1
1174,Limeburners Creek,0,1,0,0,0,1,0,0,0
1175,Limekilns,0,0,0,0,0,0,1,0,0
1176,Linden,2,0,0,0,0,0,0,0,1
1177,Lindendale,0,0,0,0,3,0,0,0,0
1178,Lindfield,34,12,17,5,3,25,0,1,1
1179,Linley Point,4,0,0,0,0,0,0,0,0
1180,Lisarow,28,2,1,1,7,6,0,3,1
1181,Lismore,15,33,16,32,34,59,0,58,0
1182,Lismore Heights,2,1,0,0,0,0,0,0,0
1183,Liston,0,1,0,0,0,0,0,0,0
1184,Lithgow,24,13,9,12,15,38,0,13,1
1185,Little Bay,23,3,1,1,1,6,0,0,0
1186,Little Hartley,0,1,0,0,0,1,0,0,0
1187,Little Pelican,2,0,0,0,0,0,0,0,0
1188,Little Plain,1,0,0,0,0,0,0,0,0
1189,Liverpool,4,57,45,45,12,60,0,0,1
1190,Llanarth,2,0,0,0,0,0,0,0,0
1191,Llandilo,11,0,0,0,0,1,0,0,0
1192,Llangothlin,1,0,0,0,0,0,0,0,0
1193,Lloyd,0,0,0,0,0,0,0,1,0
1194,Lochinvar,8,0,0,1,0,0,0,0,1
1195,Lockhart,1,1,1,1,1,0,0,1,1
1196,Loftus,40,2,0,0,0,3,0,1,1
1197,Loftville,2,0,0,0,0,0,0,0,0
1198,Londonderry,24,1,0,2,7,3,0,2,0
1199,Long Flat,0,0,0,0,0,1,0,0,0
1200,Long Jetty,40,5,2,10,16,21,0,13,0
1201,Long Point,5,0,0,0,0,0,0,0,0
1202,Longueville,13,1,0,0,0,0,0,0,0
1203,Lord Howe Island,0,0,0,1,0,6,0,1,0
1204,Lorn,4,3,0,3,1,5,0,0,0
1205,Louth Park,0,0,0,1,0,0,0,0,0
1206,Lovedale,0,3,0,0,0,8,0,0,0
1207,Lower Mangrove,2,0,0,0,0,0,0,0,0
1208,Lower Portland,0,1,0,0,0,1,0,0,0
1209,Lucas Heights,0,1,0,0,0,1,0,0,0
1210,Luddenham,4,3,0,2,0,5,0,1,0
1211,Lue,1,0,0,0,0,0,0,0,0
1212,Lugarno,26,1,2,3,2,8,0,1,0
1213,Lurnea,37,1,1,6,2,8,0,0,0
1214,Macksville,12,5,3,1,15,10,0,5,1
1215,Maclean,11,8,2,4,5,10,0,4,0
1216,Macmasters Beach,12,2,0,0,1,2,0,0,0
1217,Macquarie Fields,44,6,2,7,2,17,0,1,1
1218,Macquarie Hills,16,0,0,0,1,0,0,2,0
1219,Macquarie Links,1,0,0,0,0,0,0,1,0
1220,Macquarie Marshes,0,1,0,0,0,0,0,0,0
1221,Macquarie Park,55,41,9,11,2,40,0,17,0
1222,Maddens Plains,0,1,0,0,0,3,0,0,0
1223,Magenta,1,0,0,0,0,1,0,0,0
1224,Maianbar,2,0,0,0,0,0,0,0,0
1225,Maimuru,0,0,0,0,0,1,0,0,0
1226,Main Arm,0,1,0,0,0,1,0,0,0
1227,Maison Dieu,0,0,0,0,2,0,0,0,0
1228,Maitland,36,23,12,24,18,39,0,28,2
1229,Maitland Vale,0,0,0,1,0,0,0,0,0
1230,Malabar,3,3,0,1,1,6,0,0,0
1231,Mallabula,7,0,0,0,0,0,0,0,0
1232,Mallanganee,2,0,0,0,2,2,0,0,0
1233,Maloneys Beach,1,0,0,0,0,1,0,0,0
1234,Malua Bay,1,1,0,1,1,3,0,2,0
1235,Mandurama,1,0,0,0,0,0,0,0,1
1236,Mangerton,14,0,0,1,1,2,0,0,0
1237,Mangoola,0,0,0,0,0,0,0,0,2
1238,Mangrove Mountain,13,1,1,0,0,0,0,0,0
1239,Manildra,1,1,0,1,2,1,0,0,5
1240,Manilla,0,0,0,0,0,5,0,0,0
1241,Manly,48,48,22,38,2,60,0,33,0
1242,Manly Vale,2,4,0,5,7,7,0,1,0
1243,Mannering Park,20,2,0,2,1,5,0,0,0
1244,Manning Point,1,0,0,0,0,2,0,0,0
1245,Manyana,1,0,0,0,0,0,0,0,0
1246,Maraylya,19,0,0,1,1,0,0,0,0
1247,Marayong,39,1,2,5,1,3,0,0,1
1248,Marchmont,0,0,0,0,0,0,0,1,0
1249,Mardi,27,0,0,0,2,0,0,0,0
1250,Marks Point,7,2,0,1,0,3,0,1,0
1251,Marmong Point,4,1,0,1,1,1,0,0,0
1252,Maroota,17,1,0,0,1,2,0,0,0
1253,Maroubra,52,26,33,38,11,58,0,3,0
1254,Marrangaroo,7,0,0,0,1,1,0,0,1
1255,Marrar,0,1,0,0,0,0,0,0,1
1256,Marrickville,50,47,27,32,50,55,0,29,1
1257,Marsden Park,30,4,2,1,3,14,0,5,0
1258,Marsfield,33,2,1,0,2,6,0,0,0
1259,Martins Creek,1,0,0,0,0,0,0,0,1
1260,Martinsville,0,0,0,0,0,1,0,0,0
1261,Marulan,5,3,0,1,5,8,0,1,1
1262,Maryland,0,0,0,2,0,0,0,0,0
1263,Maryvale,0,0,0,0,0,0,0,0,1
1264,Maryville,2,1,0,0,0,2,0,1,0
1265,Mascot,35,51,10,18,21,55,0,23,3
1266,Matcham,8,0,0,0,0,0,0,0,0
1267,Mathoura,1,2,0,1,1,1,0,0,0
1268,Matong,1,0,0,0,0,0,0,0,0
1269,Matraville,32,11,3,8,11,26,0,1,0
1270,Mayfield,44,11,6,12,4,24,0,4,0
1271,Mayfield East,4,2,0,2,2,5,0,0,0
1272,Mayfield North,0,0,0,0,1,1,0,0,0
1273,Mayfield West,24,2,0,1,8,4,0,1,0
1274,Mays Hill,2,0,0,0,0,1,0,1,0
1275,Mcgraths Hill,31,0,0,2,8,7,0,3,0
1276,Meadow Flat,2,0,0,0,0,0,0,0,0
1277,Meadowbank,4,4,1,4,3,11,0,1,1
1278,Medlow Bath,4,2,0,0,1,2,0,0,1
1279,Medowie,57,4,2,6,2,10,0,0,0
1280,Medway,4,0,0,0,0,0,0,0,0
1281,Megalong Valley,0,2,0,0,0,1,0,0,0
1282,Melinga,0,0,0,0,0,0,0,0,1
1283,Melrose Park,20,1,0,0,2,3,0,0,0
1284,Menai,45,8,9,9,12,16,0,8,0
1285,Menangle,16,0,0,0,0,0,0,0,1
1286,Menangle Park,7,0,0,0,0,2,0,0,1
1287,Mendooran,1,1,0,0,1,0,0,0,1
1288,Merewether,26,9,5,8,3,21,0,5,0
1289,Merewether Heights,8,0,0,1,0,0,0,0,0
1290,Merimbula,17,15,6,7,6,31,0,22,0
1291,Merriwa,0,2,0,2,3,4,0,1,0
1292,Merriwagga,0,0,0,0,0,0,0,0,1
1293,Merrygoen,0,0,0,0,0,0,0,0,1
1294,Merrylands,46,27,21,37,9,54,0,50,1
1295,Merrylands West,27,0,1,2,5,8,0,0,0
1296,Merungle Hill,0,0,0,0,0,0,0,0,1
1297,Metford,25,1,0,1,3,2,0,1,1
1298,Michelago,1,1,0,0,0,1,0,0,0
1299,Middle Cove,17,2,0,0,3,0,0,1,0
1300,Middle Dural,11,1,0,0,1,1,0,2,0
1301,Middleton Grange,9,0,0,2,0,1,0,0,0
1302,Milbrodale,0,0,0,0,0,0,1,0,0
1303,Miller,21,0,0,1,0,4,0,2,0
1304,Millers Forest,3,0,0,0,0,0,0,0,0
1305,Millers Point,5,6,0,0,1,18,0,1,0
1306,Millfield,3,0,0,0,0,0,0,0,0
1307,Millingandi,9,0,0,0,1,0,0,0,0
1308,Millthorpe,2,5,0,1,2,7,0,1,2
1309,Milperra,37,2,2,3,15,13,0,0,0
1310,Milsons Point,5,11,4,3,0,22,0,2,1
1311,Milton,1,3,0,5,1,14,0,18,0
1312,Minchinbury,31,5,2,2,11,14,0,0,0
1313,Mindaribba,1,0,0,0,0,0,0,0,1
1314,Minmi,8,1,0,0,0,1,0,0,0
1315,Minnamurra,16,1,0,0,1,1,0,0,1
1316,Minnie Water,0,0,0,0,0,1,0,0,0
1317,Minore,0,0,0,0,0,0,0,0,1
1318,Minto,48,6,5,7,33,34,1,15,1
1319,Minto Heights,3,0,0,0,0,0,0,1,0
1320,Miranda,52,32,38,41,14,55,0,59,1
1321,Mirannie,0,0,0,0,0,0,0,1,0
1322,Mirrabooka,0,0,0,0,1,0,0,0,0
1323,Mittagong,35,15,9,14,26,37,0,10,1
1324,Moama,28,5,1,3,13,19,0,0,2
1325,Modanville,3,0,0,0,0,1,0,1,0
1326,Mogareeka,1,0,0,0,0,0,0,0,0
1327,Mogo,2,6,0,1,0,3,0,2,0
1328,Mollymook,2,3,0,0,0,5,0,0,0
1329,Mollymook Beach,2,0,0,0,0,6,0,0,0
1330,Molong,5,2,1,1,2,4,0,0,2
1331,Mona Vale,18,28,20,27,7,49,0,27,0
1332,Mondayong,2,0,0,0,0,0,0,0,0
1333,Monivae,0,0,0,0,0,0,0,0,1
1334,Monkerai,0,0,0,0,0,1,0,0,0
1335,Monteagle,0,1,0,0,0,0,0,0,1
1336,Montecollum,1,1,0,0,0,0,0,0,0
1337,Montefiores,1,0,0,0,0,1,0,0,0
1338,Monterey,2,4,1,3,0,0,0,1,0
1339,Mooball,2,2,0,0,1,1,0,0,0
1340,Moonan Flat,0,1,0,0,0,2,1,0,0
1341,Moonbi,1,0,0,0,2,0,0,1,0
1342,Moonee Beach,14,2,1,1,0,6,0,1,0
1343,Mooney Mooney,4,0,0,1,1,3,0,0,0
1344,Moore Creek,2,0,0,0,0,0,0,1,0
1345,Moore Park,15,6,0,0,0,14,0,0,0
1346,Moorebank,41,13,7,9,21,23,0,5,0
1347,Moorland,0,3,0,0,0,3,0,0,0
1348,Moorong,0,1,0,0,1,0,0,0,0
1350,Morisset,18,8,2,9,24,19,0,9,1
1351,Morisset Park,2,0,0,0,0,1,0,0,0
1352,Morning Bay,1,0,0,0,0,0,0,0,0
1353,Mororo,0,0,0,0,0,0,1,0,0
1354,Morpeth,16,7,0,3,0,12,0,7,0
1355,Mortdale,28,10,5,11,17,33,0,2,1
1356,Mortlake,6,5,3,2,10,8,0,0,0
1357,Morts Estate,3,0,0,0,0,0,0,0,0
1358,Moruya,5,12,3,8,16,23,1,8,0
1359,Mosman,53,49,25,38,7,55,0,58,0
1360,Moss Vale,45,11,7,12,19,25,0,9,1
1361,Mossy Point,1,1,0,0,0,1,0,0,0
1362,Mount Annan,33,7,4,9,0,26,0,2,0
1363,Mount Burrell,4,0,0,0,0,0,0,0,0
1364,Mount Colah,46,6,1,2,2,9,0,1,1
1365,Mount Druitt,39,19,8,18,48,56,0,41,1
1366,Mount Fairy,0,0,0,0,1,0,0,0,1
1367,Mount Frome,0,0,0,0,0,0,0,0,1
1368,Mount George,0,0,0,0,0,0,0,0,1
1369,Mount Hunter,8,0,0,0,0,0,0,0,0
1370,Mount Hutton,19,9,1,6,0,12,0,8,0
1371,Mount Keira,8,1,0,0,0,0,0,0,0
1372,Mount Kembla,17,0,0,1,0,0,0,2,0
1373,Mount Knowles,0,0,0,0,0,0,0,0,1
1374,Mount Lambie,1,0,0,0,0,0,0,0,1
1375,Mount Lewis,4,0,0,0,0,2,0,0,0
1376,Mount Ousley,2,0,0,1,0,0,0,1,0
1377,Mount Panorama,0,0,0,0,0,1,0,0,0
1378,Mount Pleasant,6,0,0,0,0,0,0,0,0
1379,Mount Pritchard,44,1,0,2,3,25,0,0,0
1380,Mount Rankin,0,0,0,0,0,1,0,0,0
1381,Mount Riverview,13,0,0,0,0,1,0,0,0
1382,Mount Thorley,0,1,0,0,5,0,0,0,0
1383,Mount Tomah,0,0,0,0,0,1,0,0,0
1384,Mount Vernon,7,0,0,0,1,0,0,0,0
1385,Mount Victoria,10,2,0,0,0,4,0,0,1
1386,Mount View,0,0,0,0,0,1,0,0,0
1387,Mount Vincent,2,0,0,0,0,0,0,0,0
1388,Mount Warning,0,2,0,0,0,2,0,0,0
1389,Mount Warrigal,27,1,2,2,1,4,0,1,0
1390,Mount White,0,3,0,0,0,3,0,0,0
1391,Mudgee,22,20,7,17,32,48,0,15,1
1392,Mulbring,2,0,0,0,1,0,0,0,0
1393,Mulgoa,20,4,0,2,0,5,2,1,0
1394,Mulgrave,0,0,0,0,0,0,0,0,1
1395,Mullaley,1,0,0,0,0,0,0,0,0
1396,Mullaway,2,0,0,0,0,2,0,0,0
1397,Mullion Creek,0,0,0,0,0,0,0,0,1
1398,Mullumbimby,7,14,3,5,13,24,0,17,1
1399,Mulwala,19,2,0,3,2,11,0,0,1
1400,Mumbil,0,0,0,0,0,0,0,0,1
1401,Mummulgum,2,0,0,0,0,0,0,0,0
1402,Mundamia,1,1,0,0,0,0,0,0,0
1403,Mungindi,0,1,0,0,1,1,0,1,0
1404,Murrami,1,0,0,0,0,0,0,0,4
1405,Murray Downs,0,0,0,0,0,1,0,0,0
1406,Murrays Beach,3,0,0,0,0,1,0,0,0
1407,Murringo,2,0,0,0,0,0,0,0,0
1408,Murrumbateman,4,1,2,2,3,6,0,2,0
1409,Murrumburrah,1,2,0,1,0,1,0,0,0
1410,Murrurundi,1,5,0,3,1,3,0,1,3
1411,Murwillumbah,19,17,6,8,19,36,0,11,0
1412,Muscle Creek,1,0,0,0,0,0,0,0,1
1413,Muswellbrook,36,10,4,10,26,25,0,10,2
1414,Muttama,1,0,0,0,0,0,0,0,0
1415,Mylestom,2,0,0,0,0,3,0,0,0
1416,Mylneford,1,0,0,0,0,0,0,0,0
1417,Myocum,1,0,0,0,1,0,0,1,0
1418,Myola,1,0,0,0,0,0,0,0,0
1419,Myrtle Creek,0,0,0,0,0,0,0,0,1
1420,Nabiac,1,2,0,1,1,2,0,0,0
1421,Nambucca Heads,22,12,3,5,12,23,0,6,0
1422,Nana Glen,0,1,0,0,2,2,0,0,1
1423,Narara,37,1,0,3,1,0,0,3,1
1424,Narellan,33,18,13,22,31,45,0,49,0
1425,Narellan Vale,37,0,0,1,1,4,0,1,0
1426,Naremburn,5,4,0,1,1,6,0,0,0
1427,Narooma,4,9,3,6,9,23,0,4,0
1428,Narrabarba,1,0,0,0,0,0,0,0,0
1429,Narrabeen,23,17,2,8,3,31,0,3,0
1430,Narrabri,1,8,3,13,26,16,0,8,2
1431,Narrandera,1,7,2,2,8,15,0,4,2
1432,Narrawallee,2,0,0,1,0,0,0,0,0
1433,Narraweena,27,3,1,3,0,8,0,1,0
1434,Narromine,11,3,1,0,11,10,0,5,2
1435,Narwee,30,4,1,5,2,5,0,0,1
1436,Nashdale,0,1,0,0,0,0,1,0,1
1437,Neath,1,0,0,0,0,0,0,0,0
1438,Nelligen,1,2,0,0,0,2,0,0,0
1439,Nelson,1,0,0,0,0,0,0,0,0
1440,Nelson Bay,48,22,3,8,1,47,0,15,0
1441,Nemingha,4,0,0,0,3,3,0,0,1
1442,Nerong,3,0,0,0,0,0,0,0,0
1443,Neutral Bay,13,32,27,33,1,59,0,12,0
1444,Nevertire,1,2,0,0,0,0,0,0,2
1445,New Berrima,5,0,0,0,0,0,0,0,0
1446,New Brighton,1,0,0,0,0,0,0,0,0
1447,New Italy,1,2,0,0,0,1,0,0,0
1448,New Lambton,32,7,1,19,5,23,1,8,0
1449,New Lambton Heights,27,2,0,1,0,1,0,0,0
1450,Newbridge,1,0,0,0,0,1,0,0,2
1451,Newcastle,6,30,13,25,2,38,1,22,0
1452,Newcastle East,1,5,0,1,0,5,0,0,0
1453,Newcastle West,11,15,3,5,6,25,0,11,0
1454,Newington,17,5,3,2,1,21,0,1,0
1455,Newport,13,12,9,11,1,36,0,12,0
1456,Newrybar,2,2,1,0,0,1,0,0,0
1457,Newtown,23,44,12,43,3,60,0,52,1
1458,Niagara Park,21,1,1,2,1,2,0,0,1
1459,Nimbin,6,6,0,2,1,9,0,8,0
1460,Nimmitabel,2,2,0,0,0,1,0,0,0
1461,Nooroo,0,0,0,0,0,0,0,0,1
1462,Norah Head,15,5,0,1,2,5,0,2,0
1463,Noraville,24,3,0,1,1,1,0,0,0
1464,Nords Wharf,12,0,0,0,0,0,0,0,0
1465,Normanhurst,34,2,1,1,1,3,0,0,1
1466,North Albury,2,2,0,6,9,10,0,2,0
1467,North Arm Cove,1,0,0,0,0,0,0,0,0
1468,North Avoca,22,1,0,1,0,1,0,0,0
1469,North Balgowlah,23,3,0,2,0,2,0,0,0
1470,North Batemans Bay,2,0,0,0,0,1,0,0,0
1471,North Boambee Valley,3,1,0,0,15,7,0,2,0
1472,North Bondi,21,10,7,8,1,20,1,3,0
1473,North Curl Curl,21,5,0,3,1,7,0,2,0
1474,North Dorrigo,0,0,0,0,0,1,0,0,0
1475,North Epping,26,2,0,2,1,3,0,0,0
1476,North Gosford,29,3,1,0,8,6,0,1,0
1477,North Haven,11,5,0,4,1,4,0,1,0
1478,North Lambton,16,0,0,1,0,0,0,0,0
1479,North Lismore,6,1,0,0,5,4,0,0,0
1480,North Macksville,2,1,0,0,0,0,0,0,1
1481,North Macquarie,0,0,0,1,0,0,0,0,0
1482,North Manly,23,0,0,2,3,2,0,2,0
1483,North Narooma,1,0,0,0,0,0,0,0,0
1484,North Narrabeen,22,3,0,3,23,13,0,2,0
1485,North Nowra,27,2,1,2,7,5,0,3,0
1486,North Parramatta,48,7,4,7,28,21,0,4,0
1487,North Richmond,28,4,3,6,17,18,0,1,0
1488,North Rocks,47,6,4,9,11,17,0,14,0
1489,North Rothbury,8,1,0,0,0,0,0,0,0
1490,North Ryde,50,28,14,21,6,39,0,42,0
1491,North St Marys,33,2,0,0,5,7,0,1,1
1492,North Strathfield,11,9,6,7,2,31,0,1,1
1493,North Sydney,31,56,40,31,4,48,1,32,1
1494,North Tamworth,28,5,2,0,1,3,0,2,0
1495,North Tumbulgum,2,0,0,0,0,1,0,0,0
1496,North Turramurra,33,4,3,0,1,9,0,1,0
1497,North Wagga Wagga,5,0,0,0,1,0,0,0,0
1498,North Wahroonga,10,0,0,0,0,0,0,0,0
1499,North Willoughby,11,5,3,5,0,17,0,3,0
1500,North Wollongong,20,13,0,2,19,14,0,4,1
1501,North Yeoval,4,0,0,0,0,0,0,0,0
1502,Northbridge,8,0,6,15,0,0,0,6,0
1503,Northmead,30,6,5,5,5,23,0,1,0
1504,Northwood,7,0,0,0,0,0,0,0,0
1505,Nowra,35,28,13,37,27,59,0,38,0
1506,Nowra Hill,2,1,0,0,1,0,0,1,0
1507,Nulkaba,3,2,0,0,0,5,0,0,0
1508,Nunderi,1,0,0,1,0,0,0,0,0
1509,Nundle,0,3,0,0,0,4,0,1,0
1510,Nyngan,2,1,1,1,4,4,0,2,0
1511,Nyrang Creek,0,0,0,0,0,0,0,0,1
1512,Oak Flats,42,5,4,6,32,11,0,8,1
1513,Oakdale,29,0,0,0,1,1,2,0,0
1514,Oakhampton,0,0,0,0,0,0,0,0,1
1515,Oakhurst,30,0,0,1,0,0,0,0,0
1516,Oakville,1,0,0,0,2,0,0,0,0
1517,Oaky Park,3,0,0,0,1,0,0,0,0
1518,Oatlands,23,3,3,3,0,3,0,0,0
1519,Oatley,37,11,7,7,4,25,0,3,1
1520,Oberon,1,6,1,2,7,14,0,1,0
1521,Ocean Shores,0,6,1,4,1,5,0,4,0
1522,Old Bar,5,3,0,3,0,8,0,0,0
1523,Old Erowal Bay,1,0,0,0,0,0,0,1,0
1524,Old Guildford,17,0,0,3,3,1,0,0,0
1525,Old Junee,3,0,0,0,0,1,0,0,1
1526,Old Toongabbie,18,2,0,1,3,3,0,0,0
1527,One Mile,3,0,0,0,0,1,0,0,0
1528,Ootha,1,0,0,0,0,0,0,0,0
1529,Oran Park,26,3,1,4,1,10,0,1,0
1530,Orange,12,48,22,38,33,59,0,24,3
1531,Orangeville,2,0,0,0,1,0,0,0,0
1532,Orchard Hills,14,1,0,1,1,2,12,0,0
1533,Orient Point,2,0,0,0,0,0,0,0,0
1534,Otford,4,0,0,0,0,1,0,0,1
1535,Ourimbah,41,4,5,4,0,9,0,2,1
1536,Oxley Park,16,0,0,0,2,0,0,0,0
1537,Oxley Vale,27,0,0,0,0,0,0,0,0
1538,Oyster Bay,28,1,0,1,1,0,0,0,0
1539,Oyster Cove,1,0,0,0,0,0,0,0,0
1540,Paddington,20,28,6,44,2,44,1,60,0
1541,Padstow,46,10,8,17,21,40,0,6,1
1542,Padstow Heights,17,1,0,2,0,1,0,0,0
1543,Pagewood,1,0,1,2,3,5,0,9,0
1544,Pallamallawa,0,1,0,0,0,1,0,0,0
1545,Palm Beach,26,4,0,1,0,13,0,3,0
1546,Palmers Channel,0,0,0,0,1,0,0,0,0
1547,Palmers Island,1,0,0,0,0,0,0,0,0
1548,Pambula,11,5,1,3,8,11,0,4,0
1549,Pambula Beach,10,0,0,0,0,1,0,0,0
1550,Panania,38,5,5,12,4,23,0,4,1
1551,Parkes,55,12,6,10,34,32,0,11,4
1552,Parklea,4,2,1,3,0,4,0,3,0
1553,Parramatta,36,58,53,57,20,58,1,60,1
1554,Paterson,2,1,0,0,3,3,0,0,1
1555,Patonga,7,1,0,0,0,1,0,0,0
1556,Paxton,1,0,0,0,0,2,0,0,0
1557,Peak Hill,1,3,0,0,0,2,0,0,2
1558,Peakhurst,45,8,2,5,10,15,0,0,0
1559,Peakhurst Heights,19,1,0,0,0,0,0,0,0
1560,Pearl Beach,12,1,0,1,0,2,0,0,0
1561,Peats Ridge,0,3,0,0,1,3,0,0,0
1562,Pejar,1,0,0,0,0,0,0,0,0
1563,Pelaw Main,8,0,0,0,0,0,0,0,0
1564,Pelican,2,0,0,0,0,1,0,0,0
1565,Pemulwuy,2,4,1,3,3,7,0,1,0
1566,Pendle Hill,29,2,5,3,9,20,0,4,1
1567,Pennant Hills,26,7,11,8,13,24,0,4,1
1568,Penrith,48,56,45,50,47,57,1,60,1
1569,Penrose,9,1,0,0,0,0,0,0,1
1570,Penshurst,40,7,5,11,13,21,0,2,1
1571,Perisher Valley,1,7,0,0,0,17,0,1,1
1572,Perthville,1,0,0,0,1,0,0,0,1
1573,Petersham,18,16,4,8,8,28,0,1,1
1574,Pheasants Nest,0,0,0,0,0,1,0,0,0
1575,Phegans Bay,5,0,0,1,0,0,0,0,0
1576,Phillip Bay,3,1,0,0,0,1,0,0,0
1577,Picketts Valley,1,0,0,0,0,0,0,0,0
1578,Picnic Point,20,1,0,1,1,3,0,0,0
1579,Picton,34,10,3,8,12,25,0,4,1
1580,Pillar Valley,0,0,0,0,1,0,0,0,0
1581,Pinny Beach,1,0,0,0,0,0,0,0,0
1582,Pitt Town,25,3,1,5,0,0,0,1,0
1583,Pleasure Point,3,0,0,0,0,0,0,0,0
1584,Plumpton,27,8,1,3,1,18,0,2,0
1585,Point Clare,26,2,1,2,0,3,0,0,1
1586,Point Frederick,9,0,3,0,0,2,0,0,0
1587,Point Piper,2,0,1,2,0,0,0,0,0
1588,Pokolbin,0,13,0,4,0,52,0,6,0
1589,Polo Flat,0,1,0,0,3,1,0,0,0
1590,Port Botany,4,1,0,0,0,0,0,0,0
1591,Port Hacking,3,0,0,0,0,0,0,0,0
1592,Port Kembla,35,7,1,12,21,12,0,10,3
1593,Port Macquarie,58,58,34,59,56,60,0,60,0
1594,Portland,0,1,1,0,0,0,0,0,1
1595,Possum Creek,0,0,0,0,0,1,0,0,0
1596,Pottery Estate,1,0,0,0,0,2,0,0,0
1597,Potts Point,15,39,8,29,2,58,0,9,1
1598,Pottsville,21,4,1,8,2,12,0,1,0
1599,Prairiewood,19,2,0,2,0,10,0,9,0
1600,Premer,2,0,0,0,0,0,0,0,0
1601,Prestons,41,8,2,8,37,19,0,6,0
1602,Pretty Beach,4,0,0,0,0,0,0,1,0
1603,Primbee,14,1,0,1,0,2,0,0,0
1604,Prospect,6,4,3,2,2,4,0,0,0
1605,Pucawan,0,0,0,0,0,0,0,0,1
1606,Puddledock,0,0,0,0,0,1,0,0,0
1607,Pullabooka,0,0,0,0,0,0,0,0,1
1608,Punchbowl,12,9,3,17,19,35,0,7,1
1609,Purfleet,0,0,0,0,0,1,0,0,0
1610,Putney,14,3,3,3,2,10,0,0,0
1611,Putta Bucca,0,0,0,0,0,1,0,0,0
1612,Putty,0,1,0,0,0,1,0,0,0
1613,Pymble,40,7,11,7,6,10,0,4,1
1614,Pyree,12,1,0,0,0,2,0,0,0
1615,Pyrmont,17,41,8,15,1,59,1,6,0
1616,Quaama,1,0,0,0,0,0,0,0,0
1617,Quakers Hill,49,4,9,9,2,22,0,4,1
1618,Quandary,0,0,0,0,0,0,0,0,1
1619,Quandialla,0,1,0,0,0,0,0,0,1
1620,Queanbeyan,27,15,9,16,25,39,0,11,1
1621,Queanbeyan East,10,1,0,1,16,7,0,3,0
1622,Queanbeyan West,1,2,0,0,13,1,0,3,0
1623,Queens Park,9,2,0,0,1,1,0,0,0
1624,Queenscliff,0,0,0,1,0,0,0,0,0
1625,Quipolly,2,0,0,0,0,0,0,0,1
1626,Quirindi,46,3,2,2,6,8,0,1,1
1627,Quorrobolong,0,0,0,0,0,1,0,0,0
1628,Raby,29,0,1,2,2,5,0,0,0
1629,Raglan,0,0,0,0,0,2,0,0,1
1630,Rainbow Flat,1,0,0,1,0,0,0,0,0
1631,Rainbow Reach,0,0,0,0,0,1,0,0,0
1632,Ramornie,2,0,0,0,0,0,0,0,0
1633,Ramsgate,11,7,3,7,1,19,0,6,0
1634,Ramsgate Beach,10,3,3,3,0,8,0,0,0
1635,Randwick,49,41,32,25,10,58,0,18,0
1636,Rankin Park,13,0,0,0,0,0,0,0,0
1637,Rankins Springs,0,0,0,0,0,1,0,0,1
1638,Rappville,0,0,0,0,0,0,0,0,1
1639,Rathmines,16,2,0,0,5,5,0,0,0
1640,Ravensworth,1,0,0,0,0,0,0,0,1
1641,Raworth,16,0,0,0,0,0,0,0,0
1642,Raymond Terrace,56,14,6,15,21,29,0,12,0
1643,Razorback,15,0,0,0,3,0,0,0,0
1645,Red Rock,1,0,0,0,0,2,0,0,0
1646,Redfern,22,35,7,20,4,49,0,7,1
1647,Redhead,22,4,1,3,3,7,0,2,0
1648,Reefton,0,0,0,0,0,0,0,0,1
1649,Regents Park,27,2,3,4,12,12,0,5,1
1650,Regentville,10,0,0,0,0,1,0,0,0
1651,Rennie,0,0,0,0,0,0,0,0,2
1652,Repton,2,0,0,0,0,0,0,0,0
1653,Reserve Creek,0,0,0,1,0,0,0,0,0
1654,Revesby,52,18,5,16,1,46,0,5,1
1655,Revesby Heights,8,1,0,2,0,1,0,0,0
1656,Rhodes,15,19,5,9,3,46,0,10,1
1657,Richmond,2,8,8,3,6,3,0,12,2
1658,Riverstone,46,4,2,5,25,18,0,4,1
1659,Riverview,16,1,0,1,0,1,0,0,0
1660,Riverwood,45,12,6,11,7,45,0,5,1
1661,Robertson,7,5,0,4,0,9,0,0,1
1662,Robin Hill,0,1,0,0,4,0,0,0,0
1663,Rockdale,19,19,22,23,23,54,0,22,1
1664,Rodd Point,13,1,0,3,1,2,0,0,0
1665,Rookwood,13,2,0,0,0,1,0,0,0
1666,Rooty Hill,47,4,6,8,2,28,0,2,1
1667,Ropes Crossing,22,0,1,2,0,4,0,0,0
1668,Rose Bay,29,23,5,21,1,44,0,13,0
1669,Rosebery,33,21,3,8,15,43,0,5,0
1670,Rosedale,1,0,0,0,0,0,0,1,0
1671,Rosehill,10,6,0,0,1,15,0,0,0
1672,Roselands,43,17,6,17,8,36,0,27,0
1673,Rosemeadow,28,2,0,1,1,7,0,0,0
1674,Roseville,40,4,8,7,8,16,0,2,1
1675,Roseville Chase,5,1,0,0,0,5,0,0,0
1676,Rossglen,0,0,0,0,0,0,0,0,1
1677,Rossmore,28,0,0,0,3,3,0,0,0
1678,Rothbury,0,2,0,0,0,6,0,0,0
1679,Rouse Hill,49,24,7,24,4,55,0,44,0
1680,Royalla,0,0,0,0,0,0,1,0,0
1681,Rozelle,17,17,4,20,27,49,0,14,0
1682,Rukenvale,1,0,0,0,0,0,0,0,0
1683,Running Stream,1,1,0,0,0,0,0,0,0
1684,Ruse,19,0,0,1,0,3,0,1,0
1685,Rushcutters Bay,3,6,0,4,5,14,0,2,0
1686,Russell Lea,15,0,3,4,1,5,0,0,0
1687,Russell Vale,5,2,0,0,4,2,0,0,0
1688,Rutherford,55,6,3,9,31,14,0,9,0
1689,Rydal,1,0,0,0,0,0,0,1,1
1690,Rydalmere,6,11,2,0,33,15,0,5,0
1691,Ryde,42,21,16,17,15,43,0,27,0
1692,Ryhope,0,0,0,0,1,0,0,0,0
1693,Rylstone,3,5,0,1,0,7,0,0,1
1694,Sackville,1,0,0,0,0,0,0,0,0
1695,Sadleir,12,0,0,0,0,2,0,0,0
1696,Salamander Bay,43,9,6,13,17,23,0,13,0
1697,Salt Ash,34,1,0,0,0,2,0,0,0
1698,San Remo,18,2,0,1,0,0,0,0,0
1699,Sancrox,2,1,0,0,0,1,0,0,0
1700,Sanctuary Point,1,5,1,7,0,10,0,2,0
1701,Sandy Beach,17,1,0,1,0,1,0,0,0
1702,Sandy Hollow,0,0,0,0,1,0,0,0,0
1703,Sandy Point,5,0,0,0,0,0,0,0,0
1704,Sans Souci,1,7,1,11,1,22,0,7,0
1705,Sapphire Beach,7,1,0,0,2,3,0,1,0
1706,Saratoga,21,1,1,2,1,2,0,0,0
1707,Saumarez Ponds,0,0,0,0,0,1,0,0,0
1708,Sawtell,23,6,1,8,1,14,0,5,1
1709,Scarborough,5,1,0,0,0,1,0,0,1
1710,Scheyville,2,0,0,0,0,0,0,0,0
1711,Schofields,41,4,3,3,0,8,0,0,1
1712,Scone,7,8,2,5,12,15,0,8,1
1713,Scotland Island,2,0,0,0,0,0,0,0,0
1714,Scotts Head,4,4,0,1,0,3,0,1,0
1715,Seaforth,11,7,3,12,0,19,0,2,0
1716,Seaham,0,1,0,1,0,1,0,0,0
1717,Seahampton,2,0,0,0,0,0,0,0,0
1718,Seelands,2,0,0,0,0,0,0,0,0
1719,Sefton,31,3,0,5,8,7,0,1,1
1720,Seven Hills,49,15,8,18,54,41,0,13,1
1721,Shalvey,14,0,0,0,1,3,0,0,0
1722,Shanes Park,6,0,0,0,2,2,0,0,0
1723,Shannon Brook,0,0,0,0,0,0,0,0,1
1724,Shannons Flat,0,0,0,0,1,0,0,0,0
1725,Shell Cove,10,3,1,3,0,3,0,0,0
1726,Shellharbour,23,12,3,9,3,37,0,25,0
1727,Shellharbour City Centre,7,7,8,10,3,24,0,31,0
1728,Shelly Beach,5,1,0,0,1,3,0,0,0
1729,Shoal Bay,13,3,0,1,0,10,0,2,0
1730,Shoalhaven Heads,16,0,0,1,1,5,0,0,0
1731,Shortland,31,3,0,1,1,7,0,1,1
1732,Silverdale,30,0,0,2,4,1,0,0,0
1733,Silverwater,29,10,2,3,11,21,0,3,0
1734,Singleton,23,15,9,16,23,44,0,21,1
1735,Singleton Heights,15,1,0,0,0,1,0,1,0
1736,Skennars Head,2,0,0,0,0,0,0,1,0
1737,Skillion Flat,1,0,0,0,0,0,0,0,0
1738,Smeaton Grange,24,4,0,2,43,5,0,8,0
1739,Smithfield,45,10,3,16,50,25,0,4,0
1740,Smiths Lake,2,2,0,1,0,3,0,0,0
1741,Sofala,0,1,0,0,0,2,0,0,0
1742,Soldiers Point,9,3,0,4,1,5,0,1,0
1743,Somersby,34,3,0,2,11,3,0,3,0
1744,South Albury,14,6,2,0,17,9,0,2,0
1745,South Bathurst,3,1,0,0,6,2,1,0,0
1746,South Bowenfels,5,1,0,0,0,2,0,0,0
1747,South Coogee,19,2,0,1,0,4,0,0,0
1748,South Durras,0,0,0,0,1,0,0,0,0
1749,South Golden Beach,1,1,0,1,0,0,0,0,0
1750,South Grafton,46,8,0,4,30,18,0,6,1
1751,South Granville,36,2,4,4,3,6,0,1,0
1752,South Gundagai,0,0,0,0,2,0,0,0,0
1753,South Gundurimba,1,0,0,1,0,0,0,0,0
1754,South Hurstville,26,4,1,8,4,10,0,2,0
1755,South Kempsey,11,2,0,0,10,7,0,1,0
1756,South Lismore,3,4,0,1,33,4,0,7,1
1757,South Maitland,7,0,0,0,0,0,0,1,0
1758,South Maroota,7,0,0,0,0,0,0,1,0
1759,South Murwillumbah,8,4,1,1,17,5,0,1,0
1760,South Nowra,11,7,0,2,38,10,0,7,0
1761,South Pambula,0,1,0,0,1,0,0,0,0
1762,South Penrith,41,2,4,4,3,13,0,0,0
1763,South Tamworth,47,4,1,2,0,12,0,0,0
1764,South Turramurra,22,1,0,1,0,2,0,0,0
1765,South Wentworthville,42,0,0,3,2,6,0,2,0
1766,South West Rocks,3,9,2,5,6,14,0,10,0
1767,South Windsor,37,2,2,8,29,14,0,2,0
1768,Speers Point,19,3,0,1,0,2,0,1,0
1769,Spencer,1,0,0,0,0,2,0,0,0
1770,Spring Farm,13,2,1,4,1,4,0,0,0
1771,Spring Hill,3,0,0,0,0,0,0,0,2
1772,Spring Ridge,1,0,0,0,0,0,0,0,0
1773,Springdale,0,0,0,0,0,1,0,0,0
1774,Springdale Heights,2,0,0,0,2,1,0,0,0
1775,Springfield,14,0,0,2,0,0,0,0,0
1776,Springwood,41,12,9,8,1,21,0,11,1
1778,St Andrews,15,2,2,1,2,2,0,0,0
1779,St Clair,56,6,4,6,1,19,0,5,0
1780,St Georges Basin,2,2,0,2,3,3,0,0,0
1781,St Helens Park,26,0,0,1,0,3,0,1,0
1782,St Huberts Island,12,0,0,0,0,0,0,0,0
1784,St Ives Chase,19,0,1,1,0,1,0,0,0
1785,St Johns Park,30,0,0,3,0,8,0,0,0
1786,St Leonards,9,35,17,5,0,40,0,7,1
1787,St Marys,48,17,10,25,44,55,0,11,0
1788,St Peters,13,11,1,3,9,13,0,13,1
1789,Stanbridge,0,0,0,0,0,0,0,0,1
1790,Stanford Merthyr,5,0,0,0,0,0,0,0,0
1791,Stanhope Gardens,19,8,2,3,0,17,0,7,0
1792,Stanmore,8,11,2,5,5,21,0,2,1
1793,Stanwell Park,5,5,0,0,0,3,0,1,1
1794,Stanwell Tops,7,1,0,0,0,2,0,0,0
1795,Stockinbingal,2,1,0,0,0,0,0,0,3
1796,Stockton,0,2,0,4,2,11,0,0,0
1797,Stokers Siding,1,1,0,0,0,0,0,2,0
1798,Stony Chute,0,0,0,0,0,1,0,0,0
1799,Stratford,1,0,0,0,0,1,0,0,1
1800,Strathfield,44,23,18,8,4,48,0,4,1
1801,Strathfield South,17,0,0,0,12,10,0,2,0
1802,Stroud,1,1,0,2,1,0,0,0,0
1803,Stroud Road,2,0,0,0,0,0,0,0,1
1804,Stuart Town,2,0,0,0,0,1,0,0,1
1805,Stuarts Point,1,2,0,0,0,2,0,0,0
1806,Stubbo,0,0,0,0,0,0,0,1,0
1807,Suffolk Park,6,0,0,1,1,6,0,3,0
1808,Summer Hill,15,11,4,9,7,11,0,5,1
1809,Summerland Point,13,1,0,1,0,5,0,0,0
1810,Sun Valley,2,0,0,0,0,0,0,0,0
1811,Sunshine Bay,2,0,0,0,0,1,0,0,0
1812,Surf Beach,4,2,0,1,0,3,0,0,0
1813,Surfside,1,0,0,2,0,1,0,0,0
1814,Surry Hills,31,58,15,53,3,59,0,48,0
1815,Sussex Inlet,35,3,1,2,1,7,0,2,0
1816,Sutherland,27,15,14,14,6,35,0,5,1
1817,Sutton,0,0,0,0,1,2,0,0,0
1818,Sutton Forest,8,4,0,0,0,5,0,0,0
1819,Swan Bay,0,0,1,0,0,0,0,0,0
1820,Swanhaven,3,0,0,0,0,1,0,0,0
1821,Swansea,0,5,4,6,3,12,0,3,0
1822,Swansea Heads,5,0,0,0,0,0,0,0,0
1823,Sydenham,3,5,0,2,9,4,0,3,1
1824,Sydney,57,47,57,55,1,53,0,60,6
1825,Sydney Olympic Park,23,21,2,1,0,39,0,2,1
1826,Sylvania,37,7,1,15,7,29,0,15,0
1827,Sylvania Waters,16,4,1,5,0,6,0,1,0
1828,Tabulam,1,1,0,0,0,1,0,0,0
1829,Tacoma South,4,0,0,0,0,0,0,0,0
1830,Tahmoor,31,3,2,7,5,9,0,1,1
1831,Talbingo,0,0,0,0,0,2,0,0,0
1832,Tallimba,0,0,0,0,0,0,0,0,3
1833,Tallong,8,1,0,0,0,1,1,0,1
1834,Tamarama,3,2,0,0,0,1,0,0,0
1835,Tamban,0,0,0,0,0,1,0,0,0
1836,Tambar Springs,1,0,0,0,0,0,0,1,0
1837,Taminda,5,1,1,1,24,3,0,2,0
1838,Tamworth,9,34,21,43,44,56,0,49,1
1839,Tanilba Bay,26,1,1,3,2,5,0,1,0
1840,Tanja,0,0,0,0,0,1,0,0,0
1841,Tantonan,0,0,0,0,0,0,0,0,1
1842,Tarago,0,0,0,0,2,1,0,0,1
1843,Taralga,0,2,0,0,0,2,0,0,0
1844,Tarana,1,1,0,0,0,0,0,0,2
1845,Tarbuck Bay,1,0,0,1,0,0,0,0,0
1846,Tarcutta,3,2,0,0,1,2,0,1,0
1847,Taree,29,27,16,18,53,50,0,38,1
1848,Taree South,1,1,0,0,1,0,0,0,0
1849,Taren Point,9,7,0,0,30,9,0,9,0
1850,Tarrawanna,6,2,0,2,0,4,0,1,0
1851,Tarro,9,0,0,0,0,1,0,0,1
1852,Tascott,32,0,0,2,0,1,0,0,1
1853,Tathra,19,5,0,1,1,9,0,2,0
1854,Tatton,7,0,0,0,0,0,0,0,0
1855,Taylors Beach,8,1,0,0,7,1,0,2,0
1856,Tea Gardens,1,4,2,5,5,9,0,3,0
1857,Telarah,13,0,0,1,6,2,0,0,1
1858,Telegraph Point,2,0,0,0,0,0,0,0,1
1859,Telopea,5,2,3,2,3,4,0,0,0
1860,Temora,2,8,2,5,9,14,0,7,2
1861,Tempe,9,3,1,1,11,6,0,1,1
1862,Tenambit,20,1,0,2,0,3,0,0,0
1863,Tennyson Point,2,0,0,1,0,0,0,0,0
1864,Tenterfield,2,13,2,3,4,11,1,8,0
1865,Teralba,6,3,0,2,4,2,0,0,2
1866,Terara,1,0,0,0,0,0,0,0,0
1867,Termeil,2,0,0,0,0,1,0,0,0
1868,Terranora,7,1,0,1,0,3,0,1,0
1869,Terrey Hills,3,10,2,3,4,17,0,2,0
1870,Terrigal,38,15,9,18,0,51,0,20,0
1871,Teven,1,0,0,0,0,0,0,0,0
1872,The Channon,2,2,0,0,0,2,0,0,0
1873,The Entrance,13,14,1,11,1,41,0,16,0
1874,The Entrance North,10,1,0,1,0,3,0,0,0
1875,The Junction,5,5,5,8,0,16,0,11,0
1876,The Oaks,20,5,0,2,2,4,0,2,0
1877,The Ponds,37,3,1,4,0,9,0,2,0
1878,The Risk,0,0,0,0,0,0,0,0,1
1879,The Rock,0,0,0,0,2,0,0,1,0
1880,The Rocks,0,17,0,5,0,51,1,11,0
1881,Theresa Park,5,0,0,0,0,0,0,0,0
1882,Thirlmere,20,1,0,4,5,7,1,2,1
1883,Thirroul,19,17,3,8,0,35,0,6,1
1884,Thora,0,0,0,0,1,0,0,0,0
1885,Thornleigh,44,10,5,3,2,17,0,2,1
1886,Thornton,39,5,1,5,13,16,0,6,1
1887,Thredbo,0,5,0,0,0,16,0,2,0
1888,Thrumster,4,3,0,2,0,3,0,0,0
1889,Thurgoona,6,7,0,2,6,5,0,1,0
1890,Tighes Hill,9,3,0,1,2,3,0,2,0
1891,Tilba Tilba,2,1,0,0,0,0,0,0,0
1892,Timbumburi,0,0,0,0,0,2,0,0,0
1893,Tingha,1,2,0,0,0,0,0,0,0
1894,Tingira Heights,8,0,0,2,0,0,0,1,0
1895,Tinonee,2,0,0,1,0,2,0,0,0
1896,Tintenbar,2,0,1,0,1,1,0,0,0
1897,Tintinhull,0,0,0,0,0,0,0,0,1
1898,Tiona,1,0,0,0,0,0,0,0,0
1899,Tirrannaville,0,0,0,0,0,0,0,0,2
1900,Tocumwal,2,4,1,2,0,8,0,1,0
1901,Tolland,0,0,0,0,0,3,0,0,0
1902,Tomago,11,1,0,0,8,1,0,0,0
1903,Tomakin,5,2,0,0,1,2,0,0,0
1904,Tomerong,16,2,0,0,1,0,0,0,0
1905,Tomingley,1,0,0,0,0,1,0,0,1
1906,Tooleybuc,2,0,0,0,0,0,0,0,0
1907,Tooma,0,0,0,0,0,1,0,0,0
1908,Toongabbie,28,3,4,9,4,29,0,5,1
1909,Toormina,28,3,1,6,17,14,0,8,0
1910,Tootool,0,0,0,0,0,0,0,0,1
1911,Toowoon Bay,5,4,0,1,1,8,0,1,0
1912,Toronto,5,6,5,3,0,12,0,0,0
1913,Toukley,37,9,6,15,5,20,0,11,0
1914,Townsend,0,0,0,0,1,0,0,0,0
1915,Towradgi,13,2,0,2,2,5,0,0,1
1916,Towrang,0,0,0,0,0,0,0,0,1
1917,Trangie,1,1,0,2,2,0,0,2,2
1918,Tregear,36,0,0,1,0,1,0,0,0
1919,Trentham Cliffs,0,0,0,0,0,1,0,0,0
1920,Trundle,0,2,0,0,0,1,0,0,3
1921,Trunkey Creek,1,0,0,0,0,0,0,0,0
1922,Tubbul,0,0,0,0,0,0,0,0,1
1923,Tucki Tucki,0,0,0,0,1,0,0,0,0
1924,Tuena,0,0,0,0,0,1,0,0,0
1925,Tuggerah,31,18,3,14,53,40,0,57,1
1926,Tuggerawong,16,0,0,1,0,1,0,0,0
1927,Tullamore,0,0,0,0,2,0,0,0,2
1928,Tullarwalla,2,0,0,0,0,0,1,0,0
1929,Tullera,1,1,0,0,0,0,0,0,0
1930,Tullibigeal,1,1,0,0,0,0,0,0,2
1931,Tullimbar,3,0,0,0,0,1,0,0,0
1932,Tumbarumba,1,4,1,2,1,4,0,1,0
1933,Tumbi Umbi,30,3,1,4,4,9,0,1,0
1934,Tumblong,1,1,0,0,0,0,0,0,0
1935,Tumbulgum,3,3,0,0,0,3,0,0,0
1936,Tumut,2,8,2,9,16,17,0,12,1
1937,Tuncurry,15,9,5,9,16,17,0,4,0
1938,Tuntable Creek,3,0,0,0,0,0,0,0,0
1939,Tura Beach,30,2,1,3,0,5,0,0,0
1940,Tuross Head,2,3,0,4,1,7,0,0,0
1941,Turramurra,42,5,9,10,1,21,1,3,1
1942,Turrella,7,0,0,0,3,0,0,1,1
1943,Turvey Park,24,2,0,3,1,2,0,0,1
1944,Tweed Heads,13,11,21,16,8,23,0,19,0
1945,Tweed Heads South,37,21,10,14,56,37,0,28,0
1946,Tweed Heads West,17,0,0,3,1,4,0,0,0
1947,Tyagarah,1,0,0,0,2,0,0,0,0
1948,Tyalgum,1,3,0,0,0,1,0,1,0
1949,Uki,3,3,1,1,1,4,0,1,0
1950,Ulamambri,0,0,0,0,0,0,0,0,1
1951,Ulladulla,6,16,6,13,28,37,0,21,0
1952,Ulmarra,0,3,0,0,0,1,0,1,0
1953,Ulong,0,1,0,0,0,0,0,0,0
1954,Ultimo,10,30,3,3,1,46,0,16,0
1955,Umina Beach,51,14,6,15,6,34,0,10,0
1956,Unanderra,35,9,2,11,53,24,0,5,1
1957,Ungarie,1,0,0,0,3,0,0,0,3
1958,Upper Burringbar,0,0,0,0,0,0,0,1,0
1959,Upper Manilla,1,0,0,0,0,0,0,0,0
1960,Upper Myall,2,0,0,0,0,0,0,0,0
1961,Upper Wilsons Creek,0,0,0,0,0,0,0,1,0
1962,Uralla,3,4,0,1,3,6,0,7,1
1963,Urana,1,2,0,0,1,0,0,0,0
1964,Uranquinty,0,1,0,0,0,1,0,0,0
1965,Urbenville,1,0,0,0,1,0,0,0,0
1966,Urunga,2,7,2,1,5,6,0,0,1
1967,Utungun,0,0,0,0,0,0,0,1,0
1968,Vacy,2,1,0,0,1,3,0,1,0
1969,Valentine,5,2,1,3,0,4,0,0,0
1970,Valla,0,1,0,0,1,3,0,0,0
1971,Valla Beach,2,2,0,0,0,3,0,0,0
1972,Valley Heights,11,0,0,0,3,1,0,0,1
1973,Varroville,1,0,0,0,0,0,0,0,0
1974,Vaucluse,32,4,2,5,1,13,0,2,0
1975,Villawood,18,5,1,2,4,13,0,7,2
1976,Vincentia,5,5,5,3,1,17,0,4,0
1977,Vineyard,26,1,0,1,2,4,0,0,1
1978,Vittoria,0,1,0,0,0,1,0,0,0
1979,Voyager Point,11,0,0,1,0,0,0,0,0
1980,Wadalba,20,3,1,1,2,4,0,2,0
1982,Wagga Wagga,41,46,27,51,43,59,1,60,0
1983,Wagstaffe,2,0,0,0,0,0,0,0,0
1984,Wahroonga,31,13,12,6,3,23,0,4,1
1985,Waitara,8,4,1,3,7,13,0,1,1
1986,Wakeley,14,1,1,2,0,2,0,2,0
1987,Wakool,0,1,0,0,0,0,0,0,0
1989,Walcha Road,3,7,0,1,5,11,0,0,1
1991,Walla Walla,0,1,0,0,0,0,0,0,0
1992,Wallabadah,0,0,0,0,2,1,0,0,0
1993,Wallabi Point,0,1,0,0,1,1,0,1,0
1994,Wallacia,19,1,1,1,1,2,0,0,0
1995,Wallaga Lake,1,0,0,0,0,1,0,0,0
1996,Wallagoot,9,0,0,0,0,0,0,0,0
1997,Wallalong,0,0,0,0,1,0,0,0,0
1998,Wallarah,2,0,0,0,0,0,0,0,0
1999,Wallarobba,1,1,0,0,0,1,0,0,1
2000,Wallendbeen,1,0,0,0,0,0,0,0,2
2001,Wallerawang,31,2,0,1,0,5,0,0,2
2002,Wallsend,39,11,7,11,14,32,0,11,0
2003,Wamberal,36,7,2,6,0,12,0,2,0
2004,Wamboin,0,0,0,0,0,1,0,0,0
2005,Wambool,0,0,0,0,0,0,0,0,1
2006,Wandandian,5,0,0,0,3,0,0,0,0
2007,Wangi Wangi,26,2,1,3,0,8,0,0,0
2008,Warabrook,8,2,0,1,0,2,0,0,1
2009,Waratah,37,4,0,5,4,7,0,1,1
2010,Waratah West,14,0,0,0,0,0,0,0,0
2011,Wardell,0,1,0,0,0,3,0,1,0
2012,Wards River,1,1,0,0,0,0,0,0,1
2013,Wareemba,4,3,0,1,0,5,0,3,0
2014,Warialda,1,2,1,1,5,1,0,0,0
2015,Warialda Rail,1,0,0,0,0,0,0,0,0
2016,Warilla,27,7,10,11,12,18,0,7,0
2017,Warners Bay,41,15,6,16,4,39,0,14,0
2018,Warnervale,13,3,0,1,2,2,0,0,1
2019,Warragai Creek,1,0,0,0,0,0,0,0,2
2020,Warragamba,11,2,0,2,0,4,0,0,0
2021,Warragoon,0,1,0,0,0,1,0,0,0
2022,Warral,0,0,0,0,0,0,0,0,1
2023,Warrawee,2,0,0,0,0,0,0,0,1
2024,Warrawong,38,10,7,14,8,33,0,12,0
2025,Warrell Creek,0,0,0,0,0,0,0,0,1
2026,Warren,1,1,1,2,2,2,0,0,1
2027,Warriewood,35,19,3,11,10,21,0,22,0
2028,Warrimoo,17,0,0,1,1,1,0,0,1
2029,Warwick Farm,20,4,1,1,19,18,0,18,1
2030,Watanobbi,11,0,0,0,2,0,0,0,0
2031,Waterfall,1,0,0,0,0,1,0,1,1
2032,Waterloo,22,35,7,10,7,54,0,10,0
2033,Waterview Heights,7,0,0,1,0,0,0,0,0
2034,Watsons Bay,7,4,0,0,0,8,0,1,0
2035,Wattamondara,0,0,0,0,0,0,0,0,1
2036,Wattle Flat,0,1,0,0,0,0,0,0,0
2037,Wattle Grove,40,1,1,2,0,4,0,0,0
2038,Wauchope,32,10,4,10,2,17,0,9,1
2039,Waverley,19,5,1,6,0,19,0,4,0
2041,Waverton,8,5,1,2,0,4,0,0,1
2042,Wedderburn,2,0,0,0,0,0,0,0,0
2043,Wee Jasper,0,1,0,0,0,1,0,0,0
2044,Wee Waa,1,1,0,0,4,3,0,0,1
2045,Weedallion,0,0,0,0,0,0,0,0,1
2046,Weetaliba,0,0,0,0,0,0,0,0,1
2047,Weethalle,0,0,0,0,0,1,0,0,2
2048,Weismantels,0,0,0,0,0,0,0,0,1
2049,Welby,6,1,0,0,0,0,0,0,0
2050,Wellington,1,5,0,0,0,0,0,0,0
2051,Wells Crossing,1,0,0,0,0,0,0,0,0
2053,Wentworth Falls,54,7,2,3,2,13,0,0,1
2054,Wentworth Point,7,6,3,4,1,24,0,0,0
2055,Wentworthville,46,7,11,15,4,36,0,7,1
2056,Werombi,5,0,0,0,0,0,0,1,0
2057,Werri Beach,6,0,0,0,0,2,0,0,0
2058,Werrington,22,4,0,0,2,8,0,0,1
2059,Werrington County,32,0,0,2,0,6,0,0,0
2060,Werrington Downs,21,0,0,0,0,1,0,0,0
2061,Werris Creek,7,2,0,1,1,1,0,0,3
2062,West Albury,25,1,1,1,1,3,0,1,0
2063,West Ballina,9,2,0,1,7,6,0,0,0
2064,West Bathurst,20,0,0,0,0,2,0,0,0
2065,West Gosford,26,9,2,2,46,16,0,23,0
2066,West Hoxton,33,0,0,5,1,1,0,3,0
2067,West Kempsey,13,2,2,1,3,5,0,1,1
2068,West Nowra,4,0,0,0,0,0,0,1,0
2069,West Pennant Hills,50,6,3,6,2,11,0,0,0
2070,West Pymble,45,3,2,3,2,8,0,0,0
2071,West Ryde,42,15,25,18,26,43,0,5,1
2072,West Tamworth,26,8,3,1,3,13,0,7,0
2073,West Wallsend,23,0,0,3,2,5,0,1,0
2074,West Wiangaree,0,0,0,0,0,0,0,0,1
2075,West Wollongong,38,1,0,2,2,8,0,0,0
2076,West Wyalong,2,6,2,0,11,16,0,5,4
2077,Westbrook,0,1,0,0,0,0,0,0,0
2078,Westdale,2,0,0,2,0,2,0,0,0
2079,Westleigh,12,1,2,1,1,4,0,1,0
2080,Westmead,34,12,8,4,2,24,0,3,1
2081,Weston,7,0,1,1,1,4,0,1,0
2082,Wetherill Park,43,24,11,17,17,54,0,43,0
2083,Whalan,37,0,0,0,2,2,0,1,0
2084,Whale Beach,0,1,0,0,0,0,0,0,0
2085,Wheeler Heights,17,0,0,0,0,0,0,0,0
2086,Whitebridge,3,2,0,2,3,2,0,0,0
2087,Whiteman Creek,1,0,0,0,0,0,0,0,0
2088,Whittingham,1,0,0,0,0,0,0,0,1
2089,Whitton,1,0,0,0,0,2,0,0,0
2090,Wiangaree,1,0,0,0,0,0,0,0,1
2091,Wickham,1,8,1,12,16,10,0,2,1
2092,Wilberforce,26,0,0,3,3,2,0,0,0
2093,Wiley Park,18,1,0,0,3,5,0,0,1
2094,Willawarrin,2,0,0,0,0,1,0,0,0
2095,Willbriggie,2,3,0,1,0,2,0,0,0
2096,Williamtown,21,6,0,0,1,4,0,0,0
2097,Willmot,17,0,0,0,0,1,0,0,0
2098,Willoughby,13,10,3,7,5,17,0,3,0
2099,Willoughby East,13,0,1,0,0,0,0,0,0
2100,Willow Tree,2,3,0,0,0,2,0,0,1
2101,Wilton,1,3,1,3,0,2,0,0,0
2102,Wimbledon,0,0,0,0,0,0,0,0,1
2103,Windale,23,0,0,1,0,2,0,0,0
2104,Windang,10,1,0,4,0,8,0,2,0
2105,Windella,1,0,0,0,0,1,0,0,0
2106,Windermere Park,3,0,0,0,0,0,0,0,0
2107,Windradyne,0,1,0,0,0,1,0,0,0
2108,Windsor,1,18,5,11,5,38,0,11,1
2109,Windsor Downs,2,0,0,0,1,0,0,0,0
2110,Wingello,4,1,0,0,0,1,0,0,1
2111,Wingen,0,0,0,0,0,0,0,0,1
2112,Wingham,16,7,1,8,8,14,0,2,1
2113,Winmalee,31,4,1,5,2,6,0,0,0
2114,Winston Hills,41,4,6,2,0,15,0,8,0
2115,Wirragulla,1,0,0,0,0,0,0,0,1
2116,Wirrimbi,2,0,0,0,0,0,0,0,0
2117,Wirrinya,0,0,0,0,0,0,0,0,1
2118,Wisemans Ferry,3,2,0,0,1,3,0,2,0
2119,Wolgan Valley,0,0,0,0,0,2,0,0,0
2120,Wollar,0,0,0,0,0,1,0,0,0
2121,Wolli Creek,3,10,6,7,8,28,0,1,1
2122,Wollombi,0,3,0,0,0,5,0,0,0
2123,Wollongbar,6,2,2,0,0,5,0,0,0
2124,Wollongong,50,55,35,53,40,58,0,59,1
2125,Wollstonecraft,9,2,1,0,0,0,0,0,1
2126,Wollumboola,9,0,0,0,0,0,0,0,0
2127,Wollun,0,0,0,0,0,0,0,0,1
2128,Wolumla,7,0,0,1,0,0,0,0,0
2129,Wombarra,12,0,0,0,0,0,0,0,1
2130,Wombat,0,0,0,0,0,0,3,0,0
2131,Wombeyan Caves,0,1,0,0,0,0,0,0,0
2132,Womboota,0,0,0,0,0,0,0,0,1
2133,Wondabyne,1,0,0,0,0,0,0,0,1
2134,Wondalga,1,0,0,0,0,0,0,0,0
2135,Wongarbon,4,0,0,0,0,0,0,1,1
2136,Wongawilli,4,0,0,0,0,0,0,0,0
2137,Wongwibinda,0,0,0,0,0,1,0,0,0
2138,Woodberry,19,0,0,1,2,2,0,1,0
2139,Woodbine,18,2,0,0,0,6,0,0,0
2140,Woodburn,0,4,0,1,0,4,0,1,0
2141,Woodcroft,8,1,1,1,0,6,0,0,0
2142,Woodenbong,1,1,0,0,0,1,0,0,0
2143,Woodford,2,0,0,1,0,1,0,1,1
2144,Woodford Island,1,0,0,0,0,0,0,0,0
2145,Woodlawn,0,0,0,0,0,0,0,1,0
2146,Woodpark,5,1,0,1,2,4,0,0,0
2147,Woodrising,3,0,0,1,0,1,0,0,0
2148,Woodstock,1,1,0,0,0,2,0,0,5
2150,Woolbrook,1,0,0,0,0,0,0,0,2
2151,Woolgoolga,23,10,4,7,1,27,0,10,0
2152,Wooli,0,0,0,0,0,3,0,0,0
2153,Woollahra,18,13,14,18,4,10,0,20,0
2154,Woollamia,2,0,0,0,1,0,0,0,0
2155,Woolloomooloo,9,11,2,3,3,31,0,4,0
2156,Woolooware,23,1,2,6,1,5,0,2,1
2157,Wooloweyah,1,0,0,0,0,0,0,0,0
2158,Woolwich,6,3,0,0,0,4,0,0,0
2159,Woomargama,1,1,0,0,0,1,0,0,0
2160,Woombah,8,0,0,0,0,0,0,0,0
2161,Woongarrah,35,0,1,0,1,0,0,0,0
2162,Woonona,31,11,4,13,7,22,0,6,1
2163,Wootton,1,1,0,0,0,1,0,1,0
2164,Woronora,21,2,0,1,0,3,0,1,0
2165,Woronora Heights,18,0,0,0,0,0,0,0,0
2166,Worrigee,16,0,0,2,0,3,0,0,0
2167,Woy Woy,47,13,6,0,27,39,0,13,1
2168,Woy Woy Bay,1,0,0,0,0,0,0,0,0
2169,Wyalong,1,1,0,0,1,0,0,0,2
2170,Wyangala,1,0,0,0,0,0,0,0,0
2171,Wyee,29,2,0,0,0,3,0,0,1
2172,Wyee Point,7,0,0,0,0,0,0,0,0
2173,Wymah,1,0,0,0,0,0,0,0,0
2174,Wyoming,15,6,5,0,18,21,0,1,0
2175,Wyong,40,9,3,12,20,37,0,4,1
2176,Wyong Creek,0,0,0,0,1,0,0,0,0
2177,Wyongah,13,0,0,0,0,1,0,0,0
2178,Yagoona,47,3,4,0,1,15,0,8,1
2179,Yallah,2,2,0,0,4,2,0,1,0
2180,Yamba,8,17,3,0,10,36,0,16,0
2181,Yanco,1,0,0,0,0,0,0,0,1
2182,Yanderra,7,1,0,0,0,1,0,0,0
2183,Yanga,0,0,0,0,0,3,0,0,0
2184,Yannergee,0,0,0,0,0,0,0,0,2
2185,Yarra,0,0,0,0,0,0,0,0,1
2186,Yarrabandai,1,0,0,0,0,0,0,0,1
2187,Yarramalong,0,2,0,0,0,2,0,0,0
2188,Yarramundi,0,0,0,0,1,0,0,0,0
2189,Yarravel,3,0,0,0,0,0,0,0,0
2190,Yarrawarrah,33,0,0,0,0,2,0,0,0
2191,Yarrawonga Park,2,0,1,0,0,0,0,0,0
2192,Yarrowyck,1,0,0,0,0,0,0,0,0
2193,Yass,19,13,2,0,13,20,0,4,1
2194,Yathella,4,0,0,0,0,0,0,0,0
2195,Yattalunga,4,0,1,0,0,0,0,0,0
2196,Yatte Yattah,2,1,0,0,0,1,0,0,0
2197,Yellow Rock,14,0,0,0,0,1,0,0,0
2198,Yenda,3,0,0,0,0,0,0,0,1
2199,Yennora,9,4,0,0,30,6,0,3,1
2200,Yeoval,2,2,0,0,1,1,0,0,0
2201,Yerong Creek,1,0,0,0,0,0,0,0,0
2202,Yerrinbool,10,0,0,0,1,0,1,0,0
2203,Yerriyong,0,1,0,0,0,1,0,0,0
2204,Yetholme,1,0,0,0,0,0,0,0,0
2205,Yetman,1,0,0,0,0,0,0,0,0
2206,Yoogali,1,1,1,0,0,1,0,0,1
2207,Young,0,8,7,0,0,33,6,1,0
2208,Yowie Bay,13,1,0,0,0,1,0,1,0
2209,Zetland,15,15,4,0,9,42,0,3,0
