suburb_id,suburb,postcode,name,types,rating,user_ratings_total,lng,lat,formatted_address
6,Aberdeen,2336,Aberdeen Station,train_station,4.7,3,150.8921355,-32.1676989,"Aberdeen NSW 2336, Australia"
15,Adamstown,2289,Adamstown Station,train_station,3.9,13,151.7200286,-32.9338536,"Adamstown NSW 2289, Australia"
26,Albury,2640,Albury,train_station,4.1,97,146.9245556,-36.0837873,"Albury NSW 2640, Australia"
28,Alectown,2870,Alectown West,train_station,0,0,148.17353,-32.9332199,"Alectown NSW 2870, Australia"
29,Alexandria,2015,Green Square,train_station,3.4,85,151.2024545,-33.9062418,"Alexandria NSW 2015, Australia"
73,Ardlethan,2665,Ardlethan,train_station,5,1,146.90194,-34.3580299,"Ardlethan NSW 2665, Australia"
79,Ariah Park,2665,Ariah Park,train_station,1,1,147.23328,-34.3527099,"Ariah Park NSW 2665, Australia"
82,Armatree,2831,Armatree,train_station,5,1,148.48106,-31.4478699,"Armatree NSW 2831, Australia"
83,Armidale,2350,Armidale Station,train_station,3.3,9,151.6517818,-30.5151751,"Brown St, West Armidale NSW 2350, Australia"
83,Armidale,2350,Kellys Plains,train_station,1,1,151.64477,-30.5678299,"Armidale Region NSW 2350, Australia"
85,Arncliffe,2205,Arncliffe Station,train_station,4.4,26,151.1472922,-33.9362414,"Arncliffe NSW 2205, Australia"
89,Artarmon,2064,Artarmon Station,train_station,3.9,42,151.1851236,-33.80883110000001,"Artarmon NSW 2064, Australia"
97,Ashfield,2131,Ashfield,train_station,4.1,65,151.1258609,-33.8876077,"Ashfield NSW 2131, Australia"
99,Ashley,2400,Moree Station,train_station,4,2,149.848202,-29.4733801,"Gosport St, Moree NSW 2400, Australia"
102,Asquith,2077,Asquith Station,train_station,4.2,20,151.1081485,-33.6886932,"Asquith NSW 2077, Australia"
105,Auburn,2144,Auburn,train_station,3.8,87,151.0328916,-33.8491889,"Auburn NSW 2144, Australia"
107,Austinmer,2515,Austinmer Station,train_station,4,3,150.9293414,-34.3064648,"Austinmer NSW 2515, Australia"
118,Awaba,2283,Awaba Station,train_station,4.1,8,151.542003,-33.0130459,"Awaba NSW 2283, Australia"
120,Baan Baa,2390,Baan Baa,train_station,0,0,149.95183,-30.5975699,"Baan Baa NSW 2390, Australia"
171,Banksia,2216,Banksia Station,train_station,4.6,28,151.1404131,-33.9453067,"Banksia NSW 2216, Australia"
173,Bankstown,2200,Bankstown,train_station,3.8,74,151.034149,-33.917854,"Bankstown NSW 2200, Australia"
190,Bardwell Park,2207,Bardwell Park Station,train_station,3.5,14,151.1248947,-33.9315724,"Bardwell Park NSW 2207, Australia"
192,Barellan,2665,Barellan,train_station,2,1,146.57309,-34.2836899,"Barellan NSW 2665, Australia"
192,Barellan,2665,Garoolgan,train_station,0,0,146.44257,-34.2507899,"Barellan NSW 2665, Australia"
193,Bargo,2574,Bargo Station,train_station,3.7,3,150.5800307,-34.2910909,"Bargo NSW 2574, Australia"
197,Barmedman,2668,Barmedman,train_station,0,0,147.38146,-34.1432158,"Barmedman NSW 2668, Australia"
197,Barmedman,2668,Yiddah,train_station,0,0,147.31962,-34.0367499,"Barmedman NSW 2668, Australia"
197,Barmedman,2668,Wargin,train_station,0,0,147.25551,-34.1148099,"Barmedman NSW 2668, Australia"
224,Bathurst,2795,Bathurst,train_station,4.6,17,149.5832252,-33.4255921,"Keppel St, Bathurst NSW 2795, Australia"
240,Beckom,2665,Beckom,train_station,0,0,146.9612446,-34.3252034,"Beckom NSW 2665, Australia"
240,Beckom,2665,Mirrool,train_station,0,0,147.08785,-34.3085399,"Beckom NSW 2665, Australia"
245,Beecroft,2119,Beecroft Station,train_station,3.9,25,151.066388,-33.7496856,"Beecroft NSW 2119, Australia"
258,Bell,2786,Bell Station,train_station,3.9,7,150.278888,-33.5056603,"Bell NSW 2786, Australia"
260,Bellambi,2518,Bellambi Station,train_station,3.9,7,150.9100571,-34.3628721,"Bellambi NSW 2518, Australia"
275,Belmore,2192,Belmore,train_station,4.1,26,151.0883315,-33.917181,"Belmore NSW 2192, Australia"
282,Ben Bullen,2790,Ben Bullen,train_station,5,2,150.02232,-33.2174699,"Ben Bullen NSW 2790, Australia"
287,Bendick Murrell,2803,Bendick Murrell,train_station,0,0,148.45053,-34.1550299,"Bendick Murrell NSW 2803, Australia"
296,Berala,2141,Berala,train_station,3.8,24,151.0322785,-33.8715545,"Berala NSW 2141, Australia"
298,Beresfield,2322,Beresfield Station,train_station,4.3,7,151.658117,-32.7991168,"Beresfield NSW 2322, Australia"
319,Berry,2535,Berry Station,train_station,5,5,150.6965918,-34.7803092,"Berry NSW 2535, Australia"
325,Bethungra,2590,Bethungra,train_station,0,0,147.86165,-34.7639399,"Bethungra NSW 2590, Australia"
328,Beverly Hills,2209,Beverly Hills Station,train_station,4.3,28,151.0811685,-33.9490339,"Beverly Hills NSW 2209, Australia"
332,Bexley North,2207,Bexley North Station,train_station,3.2,13,151.1135141,-33.9375236,"Bexley North NSW 2207, Australia"
354,Billimari,2804,Billimari,train_station,0,0,148.6167608,-33.6800789,"Billimari NSW 2804, Australia"
355,Billinudgel,2483,Ocean Shores Railway Station,train_station,2.3,3,153.5274248,-28.5037493,"Wilfred St, Billinudgel NSW 2483, Australia"
368,Biniguy,2399,Biniguy Railway Station,train_station,0,0,150.2057803,-29.542775,"Unnamed Road, Biniguy NSW 2399, Australia"
371,Binnaway,2395,Binnaway,train_station,5,1,149.38197,-31.5460599,"Binnaway NSW 2395, Australia"
371,Binnaway,2395,Piambra,train_station,0,0,149.374,-31.63459989999999,"Binnaway NSW 2395, Australia"
371,Binnaway,2395,Ulinda,train_station,0,0,149.4831,-31.5829099,"Binnaway NSW 2395, Australia"
371,Binnaway,2395,Murrawal,train_station,0,0,149.33785,-31.4640399,"Binnaway NSW 2395, Australia"
378,Birrong,2143,Birrong Station,train_station,3.5,21,151.0240292,-33.8932932,"Birrong NSW 2143, Australia"
391,Blackheath,2785,Blackheath Station,train_station,4.3,15,150.2843448,-33.6332728,"Blackheath NSW 2785, Australia"
395,Blacktown,2148,Blacktown Station,train_station,3.8,131,150.9074192,-33.768589,"Blacktown NSW 2148, Australia"
407,Blaxland,2774,Blaxland Station,train_station,4.7,9,150.6096338,-33.7436417,"Blaxland NSW 2774, Australia"
411,Blayney,2799,Blayney Station,train_station,4.7,3,149.254517,-33.527039,"Blayney NSW 2799, Australia"
411,Blayney,2799,Wombiana,train_station,0,0,149.23211,-33.5122199,"Blayney NSW 2799, Australia"
411,Blayney,2799,Murrobo,train_station,0,0,149.2729205,-33.5306561,"Blayney NSW 2799, Australia"
411,Blayney,2799,Athol,train_station,0,0,149.3069573,-33.5472711,"Blayney NSW 2799, Australia"
438,Bogan Gate,2876,Bogan Gate,train_station,4.2,5,147.80227,-33.1088999,"Bogan Gate NSW 2876, Australia"
442,Boggabri,2382,Boggabri Station,train_station,5,2,150.040091,-30.7036073,"Boggabri NSW 2382, Australia"
453,Bomaderry,2541,Bomaderry Station,train_station,4.1,28,150.6097649,-34.8538624,"Meroo St, Bomaderry NSW 2541, Australia"
458,Bombo,2533,Bombo Station,train_station,4.8,4,150.8538007,-34.6585544,"Bombo NSW 2533, Australia"
461,Bomen,2650,Bomen Railway Station,train_station,0,0,147.4143496,-35.0725772,"Dampier Street, Bomen NSW 2650, Australia"
467,Bondi Junction,2022,Bondi Junction,train_station,4.2,99,151.2484687,-33.8910387,"Bondi Junction NSW 2022, Australia"
482,Boolaroo,2284,Cockle Creek Station,train_station,4.1,11,151.6235135,-32.9426653,"Boolaroo NSW 2284, Australia"
513,Boree Creek,2652,Boree Creek,train_station,0,0,146.60756,-35.1095799,"Boree Creek NSW 2652, Australia"
513,Boree Creek,2652,Long Park,train_station,5,1,146.65438,-35.1464499,"Boree Creek NSW 2652, Australia"
514,Borenore,2800,Borenore,train_station,0,0,148.97639,-33.2519699,"Borenore NSW 2800, Australia"
531,Bowenfels,2790,Historic Bowenfels Station,train_station,3.5,4,150.1356427,-33.4767338,"Cooerwull Rd, Bowenfels NSW 2790, Australia"
537,Bowning,2582,Bowning,train_station,0,0,148.82164,-34.7653699,"Bowning NSW 2582, Australia"
538,Bowral,2576,Bowral Station,train_station,4.8,16,150.4169252,-34.477915,"Station St, Bowral NSW 2576, Australia"
551,Branxton,2335,Branxton Station,train_station,4.5,2,151.3458305,-32.66216790000001,"Branxton NSW 2335, Australia"
557,Breadalbane,2581,Breadalbane,train_station,0,0,149.48999,-34.7892499,"Breadalbane NSW 2581, Australia"
557,Breadalbane,2581,Cullerin,train_station,0,0,149.40843,-34.7842699,"Breadalbane NSW 2581, Australia"
566,Brewongle,2795,Brewongle,train_station,1,1,149.71321,-33.4788499,"Brewongle NSW 2795, Australia"
568,Bribbaree,2594,Bribbaree,train_station,0,0,147.88149,-34.1182899,"Bribbaree NSW 2594, Australia"
568,Bribbaree,2594,Eurabba,train_station,0,0,147.82707,-34.0559299,"Bribbaree NSW 2594, Australia"
569,Bridgman,2330,Glennies Creek,train_station,0,0,151.13702,-32.4888499,"Bridgman NSW 2330, Australia"
578,Broadmeadow,2292,Broadmeadow Station,train_station,4.4,45,151.7349472,-32.9229578,"Broadmeadow NSW 2292, Australia"
582,Brocklehurst,2830,Talbragar,train_station,0,0,148.62659,-32.1909999,"Brocklehurst NSW 2830, Australia"
586,Brogans Creek,2848,Brogans Creek,train_station,0,0,149.9467293,-32.9848175,"Brogans Creek NSW 2848, Australia"
600,Brooklyn,2083,Hawkesbury River Station,train_station,3.9,36,151.2263089,-33.5470666,"Brooklyn NSW 2083, Australia"
647,Bugaldie,2357,Yearinan,train_station,0,0,149.18069,-31.1821199,"Bugaldie NSW 2357, Australia"
657,Bullaburra,2784,Bullaburra Station,train_station,3.7,6,150.4146564,-33.7235886,"Bullaburra NSW 2784, Australia"
663,Bulli,2516,Bulli Station,train_station,4.3,6,150.9146889,-34.3344114,"Bulli NSW 2516, Australia"
664,Bulliac,2422,Bulliac,train_station,0,0,152.0356339,-31.9162277,"Bulliac NSW 2422, Australia"
672,Bundanoon,2578,Bundanoon Station,train_station,4.5,13,150.2992662,-34.6560853,"Bundanoon NSW 2578, Australia"
679,Bundook,2422,Bundook,train_station,0,0,152.12535,-31.8931599,"Bundook NSW 2422, Australia"
679,Bundook,2422,Doon Ayre,train_station,0,0,152.0906569,-31.8961068,"Bundook NSW 2422, Australia"
687,Bungendore,2621,Bungendore Station,train_station,3.3,4,149.4463878,-35.2559784,"Bungendore NSW 2621, Australia"
702,Burraboi,2732,Burraboi,train_station,0,0,144.31807,-35.3921199,"Burraboi NSW 2732, Australia"
702,Burraboi,2732,Jimaringle,train_station,0,0,144.25219,-35.3064999,"Burraboi NSW 2732, Australia"
703,Burradoo,2576,Burradoo Station,train_station,5,2,150.3980166,-34.4941178,"Burradoo Rd, Burradoo NSW 2576, Australia"
720,Burwood,2134,Burwood Station,train_station,4,111,151.1043119,-33.8772471,"Burwood NSW 2134, Australia"
736,Byron Bay,2481,Byron Beach Station,train_station,4.7,24,153.6111705,-28.6417139,"Shirley St, Byron Bay NSW 2481, Australia"
742,Cabramatta,2166,Cabramatta Station,train_station,3.8,54,150.9391223,-33.8945914,"Cabramatta NSW 2166, Australia"
754,Caldwell,2710,Caldwell,train_station,0,0,144.50513,-35.6332999,"Caldwell NSW 2710, Australia"
777,Camellia,2142,Camellia,train_station,3.1,14,151.0242356,-33.8189716,"Camellia NSW 2142, Australia"
782,Campbelltown,2560,Campbelltown Station,train_station,3.8,75,150.8140653,-34.0640915,"Campbelltown NSW 2560, Australia"
782,Campbelltown,2560,Macarthur Station,train_station,4.6,21,150.7972521,-34.07195,"Menangle Rd, Campbelltown NSW 2560, Australia"
785,Campsie,2194,Campsie,train_station,3.6,49,151.1033663,-33.9104388,"Campsie NSW 2194, Australia"
789,Canadian Lead,2850,Warrobil,train_station,0,0,149.59446,-32.4261499,"Canadian Lead NSW 2850, Australia"
795,Canley Vale,2166,Canley Vale Station,train_station,3.5,23,150.9436055,-33.8871636,"Canley Vale NSW 2166, Australia"
799,Canowindra,2804,Canowindra,train_station,5,1,148.6598971,-33.5607096,"Canowindra NSW 2804, Australia"
799,Canowindra,2804,Bangaroo,train_station,0,0,148.63365,-33.6257199,"Canowindra NSW 2804, Australia"
800,Canterbury,2193,Canterbury Station,train_station,3.1,25,151.1185588,-33.9118969,"Canterbury NSW 2193, Australia"
805,Capertee,2846,Capertee,train_station,5,1,149.98552,-33.1478399,"Capertee NSW 2846, Australia"
805,Capertee,2846,Torbane,train_station,0,0,149.98991,-33.10663,"Capertee NSW 2846, Australia"
809,Caragabal,2810,Caragabal,train_station,0,0,147.74163,-33.8406699,"Caragabal NSW 2810, Australia"
811,Carcoar,2791,Carcoar,train_station,4.3,3,149.13701,-33.6128999,"Carcoar NSW 2791, Australia"
812,Cardiff,2285,Cardiff Station,train_station,4.2,26,151.6629251,-32.941758,"Cardiff NSW 2285, Australia"
818,Caringbah,2229,Caringbah Station,train_station,4.3,29,151.1225723,-34.0415877,"Caringbah NSW 2229, Australia"
824,Carlton,2218,Carlton Station,train_station,3.8,27,151.1240111,-33.9682313,"Carlton NSW 2218, Australia"
828,Caroona,2343,Caroona,train_station,0,0,150.42417,-31.40036989999999,"Caroona NSW 2343, Australia"
828,Caroona,2343,Nardu,train_station,0,0,150.48202,-31.3726399,"Caroona NSW 2343, Australia"
831,Carramar,2163,Carramar Station,train_station,3.4,12,150.9615146,-33.884312,"Carramar NSW 2163, Australia"
848,Casino,2470,Casino Station,train_station,4,17,153.0383197,-28.8610326,"Canterbury St, Casino NSW 2470, Australia"
857,Casula,2170,Casula Station,train_station,3.1,18,150.912011,-33.949907,"Casula NSW 2170, Australia"
864,Cathundral,2823,Cathundral,train_station,0,0,147.81031,-31.9009599,"Cathundral NSW 2823, Australia"
899,Chatswood,2067,Chatswood,train_station,4.5,174,151.1808539,-33.7980105,"Railway St, Chatswood NSW 2067, Australia"
903,Cheltenham,2119,Cheltenham,train_station,4.2,16,151.0785565,-33.7557491,"Cheltenham NSW 2119, Australia"
906,Chester Hill,2162,Chester Hill,train_station,3.4,16,150.9998507,-33.8835918,"Chester Hill Rd, Chester Hill NSW 2162, Australia"
923,Clandulla,2848,Clandulla,train_station,0,0,149.9469022,-32.9077033,"Clandulla NSW 2848, Australia"
926,Clarence,2790,Zig Zag,train_station,4.5,15,150.2015218,-33.4714233,"Clarence NSW 2790, Australia"
928,Clarendon,2756,Clarendon Station,train_station,3.8,6,150.7879184,-33.6085113,"Clarendon NSW 2756, Australia"
934,Clearfield,2469,Clearfield,train_station,0,0,152.93495,-29.13957989999999,"Clearfield NSW 2469, Australia"
936,Clergate,2800,Clergate,train_station,0,0,149.11167,-33.1890499,"Clergate NSW 2800, Australia"
936,Clergate,2800,Culya,train_station,0,0,149.11068,-33.2005999,"Clergate NSW 2800, Australia"
953,Coalcliff,2508,Coalcliff Station,train_station,3.6,5,150.9773712,-34.2421815,"Coalcliff NSW 2508, Australia"
968,Coffs Harbour,2450,Coffs Harbour Station,train_station,3.3,21,153.137794,-30.3061623,"Coffs Harbour NSW 2450, Australia"
978,Coledale,2515,Coledale Station,train_station,3.3,3,150.943355,-34.2893552,"Coledale NSW 2515, Australia"
992,Collombatti,2440,Tamban,train_station,1,1,152.85865,-30.9464999,"Collombatti NSW 2440, Australia"
994,Colly Blue,2343,Colly Blue,train_station,0,0,150.14491,-31.4466899,"Colly Blue NSW 2343, Australia"
1009,Como,2226,Como Station,train_station,3.6,16,151.0680873,-34.0043673,"Como NSW 2226, Australia"
1013,Concord West,2138,Concord West,train_station,4.5,29,151.085587,-33.8484989,"Concord West NSW 2138, Australia"
1024,Coniston,2500,Coniston,train_station,3.6,12,150.8852206,-34.43769899999999,"Coniston NSW 2500, Australia"
1038,Coolah,2843,Neible,train_station,0,0,149.64096,-31.6418299,"Coolah NSW 2843, Australia"
1038,Coolah,2843,Oakey Creek,train_station,0,0,149.69895,-31.6260099,"Coolah NSW 2843, Australia"
1038,Coolah,2843,Connemarra,train_station,0,0,149.76341,-31.5864399,"Coolah NSW 2843, Australia"
1039,Coolamon,2701,Coolamon Station,train_station,5,1,147.2019257,-34.8159762,"Coolamon NSW 2701, Australia"
1058,Coonamble,2829,Coonamble,train_station,0,0,148.37906,-30.9572299,"Coonamble NSW 2829, Australia"
1062,Coopernook,2426,Coopernook,train_station,0,0,152.60072,-31.8074099,"Coopernook NSW 2426, Australia"
1068,Cootamundra,2590,Cootamundra Station,train_station,4.4,13,148.0305762,-34.6409692,"Cootamundra NSW 2590, Australia"
1068,Cootamundra,2590,Bauloora,train_station,0,0,148.00896,-34.5961799,"Cootamundra NSW 2590, Australia"
1068,Cootamundra,2590,Meemar,train_station,5,1,147.98981,-34.5455599,"Cootamundra NSW 2590, Australia"
1068,Cootamundra,2590,Frampton,train_station,0,0,147.92375,-34.6960699,"Cootamundra NSW 2590, Australia"
1068,Cootamundra,2590,Jindalee,train_station,0,0,148.0894277,-34.5783399,"Cootamundra NSW 2590, Australia"
1080,Coramba,2450,Coramba,train_station,5,1,153.0139297,-30.2225765,"Coramba NSW 2450, Australia"
1097,Corrimal,2518,Corrimal Station,train_station,4,7,150.9048728,-34.3757308,"Corrimal NSW 2518, Australia"
1108,Couridjah,2571,Couridjah,train_station,4.3,3,150.5496843,-34.232677,"Couridjah NSW 2571, Australia"
1114,Cowra,2794,Noonbinna,train_station,0,0,148.6413852,-33.8872916,"Cowra NSW 2794, Australia"
1114,Cowra,2794,Glenlogan,train_station,0,0,148.65566,-33.7697999,"Cowra NSW 2794, Australia"
1114,Cowra,2794,Cowra,train_station,4,2,148.699975,-33.8347826,"Cowra NSW 2794, Australia"
1114,Cowra,2794,Holmwood,train_station,0,0,148.7574432,-33.807754,"Cowra NSW 2794, Australia"
1114,Cowra,2794,Cowra Wheat Siding,train_station,0,0,148.656666,-33.8666717,"Cowra NSW 2794, Australia"
1118,Crackenback,2627,Bullocks Flat,train_station,3.9,12,148.442208,-36.44282949999999,"Kosciuszko National Park NSW 2627, Australia"
1135,Cronulla,2230,Cronulla Station,train_station,4.6,35,151.1515177,-34.0557489,"Cronulla NSW 2230, Australia"
1149,Crowther,2803,Crowther,train_station,0,0,148.50379,-34.0960599,"Crowther NSW 2803, Australia"
1151,Croydon,2132,Croydon,train_station,3.6,25,151.1151049,-33.8832106,"Croydon NSW 2132, Australia"
1164,Culcairn,2660,Culcairn Station,train_station,5,1,147.0382401,-35.666037,"Culcairn NSW 2660, Australia"
1165,Cullen Bullen,2790,Cullen Bullen,train_station,0,0,150.00845,-33.2997099,"Cullen Bullen NSW 2790, Australia"
1168,Cullerin,2581,Fish River,train_station,0,0,149.31337,-34.7596599,"Cullerin NSW 2581, Australia"
1189,Currabubula,2342,Warrigundi,train_station,0,0,150.67397,-31.2919799,"Currabubula NSW 2342, Australia"
1220,Dapto,2530,Dapto Station,train_station,4.1,15,150.791767,-34.4930554,"Dapto NSW 2530, Australia"
1225,Dargan,2786,Newnes Junction Station,train_station,4,3,150.24941,-33.4727399,"Dargan NSW 2786, Australia"
1234,Daroobalgie,2870,Daroobalgie,train_station,0,0,148.05345,-33.3297599,"Daroobalgie NSW 2871, Australia"
1253,Deniliquin,2710,Deniliquin,train_station,2,3,144.9585222,-35.530533,"Deniliquin NSW 2710, Australia"
1253,Deniliquin,2710,Southdown,train_station,0,0,144.9042183,-35.6071748,"Deniliquin NSW 2710, Australia"
1253,Deniliquin,2710,Deniliquin Rice Growers Siding,train_station,0,0,144.9372934,-35.5434351,"Deniliquin NSW 2710, Australia"
1253,Deniliquin,2710,Hill Plain,train_station,0,0,144.8945425,-35.66174609999999,"Deniliquin NSW 2710, Australia"
1254,Denistone,2114,Denistone,train_station,3.9,18,151.0867853,-33.7995547,"Denistone NSW 2114, Australia"
1257,Denman,2328,Denman,train_station,3,1,150.6835045,-32.3880988,"Denman NSW 2328, Australia"
1257,Denman,2328,Myambat,train_station,0,0,150.61777,-32.3767799,"Denman NSW 2328, Australia"
1259,Derriwong,2877,Derriwong,train_station,1,1,147.33529,-33.0967199,"Derriwong NSW 2877, Australia"
1265,Dhuragoon,2733,Dhuragoon,train_station,0,0,144.1164633,-35.16885329999999,"Dhuragoon NSW 2733, Australia"
1271,Dilkoon,2460,Dilkoon,train_station,0,0,152.98786,-29.4923999,"Dilkoon NSW 2460, Australia"
1291,Doonside,2767,Doonside Station,train_station,2.9,35,150.869173,-33.7637473,"Doonside NSW 2767, Australia"
1293,Dora Creek,2264,Dora Creek Station,train_station,3.9,7,151.5010313,-33.0837223,"Dora Creek NSW 2264, Australia"
1299,Douglas Park,2569,Douglas Park Station,train_station,0,0,150.7101777,-34.1831444,"Douglas Park NSW 2569, Australia"
1313,Dubbo,2830,Dubbo Station,train_station,3.3,15,148.608063,-32.244999,"Talbragar St, Dubbo NSW 2830, Australia"
1313,Dubbo,2830,Beni,train_station,0,0,148.75186,-32.1953799,"Beni NSW 2830, Australia"
1324,Dulwich Hill,2203,Dulwich Hill,train_station,3.9,34,151.1411736,-33.9110992,"Dulwich Hill NSW 2203, Australia"
1337,Dunedoo,2844,Dunedoo,train_station,4,4,149.39759,-32.0153799,"Dunedoo NSW 2844, Australia"
1337,Dunedoo,2844,Boomley,train_station,0,0,149.10481,-32.0275099,"Dunedoo NSW 2844, Australia"
1337,Dunedoo,2844,Craboon,train_station,0,0,149.4628544,-32.0271768,"Dunedoo NSW 2844, Australia"
1337,Dunedoo,2844,Wongoni,train_station,0,0,149.28299,-31.8727299,"Dunedoo NSW 2844, Australia"
1337,Dunedoo,2844,Liamena,train_station,0,0,149.33614,-31.9695699,"Dunedoo NSW 2844, Australia"
1341,Dungog,2420,Dungog Station,train_station,3.7,6,151.759386,-32.4023877,"Dungog NSW 2420, Australia"
1344,Dunmore,2529,Shellharbour Junction Station,train_station,3.9,8,150.8449168,-34.5912885,"Dunmore NSW 2529, Australia"
1373,East Hills,2213,East Hills Station,train_station,3.4,12,150.9846621,-33.9617727,"East Hills NSW 2213, Australia"
1382,East Maitland,2323,East Maitland Station,train_station,4.2,5,151.5873358,-32.744657,"East Maitland NSW 2323, Australia"
1382,East Maitland,2323,Victoria Street Station,train_station,4,15,151.5937245,-32.7508459,"East Maitland NSW 2323, Australia"
1391,Eastwood,2122,Eastwood,train_station,4.1,57,151.0821577,-33.7901004,"Eastwood NSW 2122, Australia"
1401,Edgecliff,2027,Edgecliff Station,train_station,4.1,42,151.2367353,-33.8797328,"Edgecliff NSW 2027, Australia"
1405,Edmondson Park,2174,Edmondson Park Station,train_station,3.3,34,150.85866,-33.9692834,"Edmondson Train Station Rd, Edmondson Park NSW 2174, Australia"
1426,Elong Elong,2831,Elong Elong,train_station,0,0,149.03884,-32.1096199,"Elong Elong NSW 2831, Australia"
1432,Emerald Hill,2380,Emerald Hill,train_station,0,0,150.1062,-30.88480989999999,"Emerald Hill NSW 2380, Australia"
1438,Emu Plains,2750,Emu Plains Station,train_station,3.8,17,150.6718826,-33.7457342,"Emu Plains NSW 2750, Australia"
1443,Engadine,2233,Engadine Station,train_station,4.2,17,151.0147425,-34.0676654,"Engadine NSW 2233, Australia"
1448,Epping,2121,Epping,train_station,4.2,97,151.0820495,-33.77271959999999,"Beecroft Rd, Epping NSW 2121, Australia"
1451,Erigolia,2669,Erigolia,train_station,0,0,146.35689,-33.8571599,"Erigolia NSW 2669, Australia"
1460,Erskineville,2043,Erskineville Station,train_station,3.3,34,151.1855598,-33.9000757,"Erskineville NSW 2043, Australia"
1473,Euchareena,2866,Euchareena,train_station,5,2,149.0965755,-32.9420735,"Euchareena NSW 2866, Australia"
1473,Euchareena,2866,Store Creek,train_station,0,0,149.0896,-32.8836199,"Euchareena NSW 2866, Australia"
1473,Euchareena,2866,Warnecliffe,train_station,0,0,149.0852426,-32.9831767,"Euchareena NSW 2866, Australia"
1480,Eungai Rail,2441,Eungai Station,train_station,3,2,152.9001451,-30.8495897,"Eungai Rail NSW 2441, Australia"
1492,Eveleigh,2015,Redfern,train_station,3.9,153,151.198771,-33.8916327,"Eveleigh NSW 2015, Australia"
1492,Eveleigh,2015,Macdonaldtown Station,train_station,2.8,42,151.1863392,-33.8967611,"Eveleigh NSW 2015, Australia"
1496,Exeter,2579,Exeter Station,train_station,5,5,150.3173331,-34.6136314,"Exeter NSW 2579, Australia"
1498,Fairfield,2165,Fairfield Station,train_station,4,82,150.9568218,-33.8723854,"Fairfield NSW 2165, Australia"
1504,Fairy Hill,2470,Fairy Hill,train_station,0,0,153.00903,-28.7702299,"Fairy Hill NSW 2470, Australia"
1505,Fairy Meadow,2519,Fairy Meadow Station,train_station,3.7,7,150.8964756,-34.3953711,"Fairy Meadow NSW 2519, Australia"
1516,Fassifern,2283,Fassifern Station,train_station,4.2,21,151.581183,-32.985397,"Fassifern NSW 2283, Australia"
1517,Faulconbridge,2776,Faulconbridge Station,train_station,4,4,150.535049,-33.696438,"Faulconbridge NSW 2776, Australia"
1561,Forbesdale,2422,Berrico,train_station,0,0,151.95249,-32.0615899,"Forbesdale NSW 2422, Australia"
1590,French Park,2655,French Park,train_station,0,0,146.92469,-35.2662299,"French Park NSW 2655, Australia"
1622,Gemalla,2795,Gemalla,train_station,0,0,149.836,-33.5254799,"Gemalla NSW 2795, Australia"
1629,Gerogery,2642,Gerogery,train_station,0,0,146.9953334,-35.836648,"Gerogery NSW 2642, Australia"
1632,Geurie,2831,Geurie Station,train_station,3.5,2,148.8304701,-32.3978842,"Geurie NSW 2831, Australia"
1639,Gidginbung,2666,Gidginbung,train_station,0,0,147.47259,-34.3251499,"Gidginbung NSW 2666, Australia"
1643,Gilgandra,2827,Gilgandra,train_station,0,0,148.6534338,-31.71323839999999,"Gilgandra NSW 2827, Australia"
1658,Girral,2669,Girral,train_station,0,0,147.07151,-33.7061899,"Girral NSW 2669, Australia"
1680,Glenbrook,2773,Glenbrook Station,train_station,4.7,6,150.6207523,-33.7690323,"Glenbrook NSW 2773, Australia"
1688,Glenfield,2167,Glenfield,train_station,4,54,150.8930846,-33.9722305,"Railway Parade, Glenfield NSW 2167, Australia"
1695,Glennies Creek,2330,Oak Park,train_station,0,0,151.12688,-32.4705199,"Glennies Creek NSW 2330, Australia"
1699,Glenquarry,2576,Calwalla,train_station,4.5,2,150.4749407,-34.5628538,"Glenquarry NSW 2576, Australia"
1700,Glenreagh,2450,Glenreagh,train_station,5,3,152.9868119,-30.0496667,"Glenreagh NSW 2450, Australia"
1709,Gloucester,2422,Gloucester Station,train_station,4,11,151.9669537,-32.0046381,"Gloucester NSW 2422, Australia"
1743,Gordon,2072,Gordon,train_station,4.2,60,151.1543614,-33.7557663,"Gordon NSW 2072, Australia"
1750,Goulburn,2580,Goulburn,train_station,4.5,28,149.7193261,-34.7581809,"Sloane St, Goulburn NSW 2580, Australia"
1764,Granville,2142,Granville Station,train_station,4,70,151.0119323,-33.8327711,"Granville NSW 2142, Australia"
1764,Granville,2142,Clyde,train_station,3.6,40,151.0168574,-33.8358494,"Granville NSW 2142, Australia"
1783,Greenethorpe,2809,Greenethorpe,train_station,0,0,148.40335,-33.9971799,"Greenethorpe NSW 2809, Australia"
1800,Greta,2334,Greta Station,train_station,4.5,2,151.3842266,-32.6865553,"Greta NSW 2334, Australia"
1804,Griffith,2680,Griffith Station,train_station,3.8,9,146.0476808,-34.2867702,"Griffith NSW 2680, Australia"
1808,Grong Grong,2652,Grong Grong,train_station,4.5,2,146.7825104,-34.7391853,"Grong Grong NSW 2652, Australia"
1808,Grong Grong,2652,Pamandi,train_station,0,0,146.85441,-34.7537299,"Grong Grong NSW 2652, Australia"
1814,Guildford,2161,Guildford Station,train_station,3.6,33,150.9844122,-33.8542294,"Guildford NSW 2161, Australia"
1816,Gulargambone,2828,Gular,train_station,0,0,148.44237,-31.3238799,"Gulargambone NSW 2828, Australia"
1818,Gulgong,2852,Gulgong,train_station,2,1,149.54291,-32.35746990000001,"Gulgong NSW 2852, Australia"
1836,Gunnedah,2380,Gunnedah Station,train_station,5,4,150.2479469,-30.9792269,"Gunnedah NSW 2380, Australia"
1837,Gunning,2581,Gunning Station,train_station,3.5,2,149.2613521,-34.7797646,"Gunning NSW 2581, Australia"
1839,Gunningbland,2876,Gunningbland,train_station,0,0,147.91758,-33.1346399,"Gunningbland NSW 2876, Australia"
1842,Gurley,2398,Gurley,train_station,4,1,149.80038,-29.7390299,"Gurley NSW 2398, Australia"
1851,Gymea,2227,Gymea Station,train_station,3.8,8,151.0854209,-34.0348787,"Gymea NSW 2227, Australia"
1863,Hamilton,2303,Hamilton Station,train_station,3.6,46,151.7484659,-32.9184823,"Hamilton NSW 2303, Australia"
1877,Harden,2587,Harden,train_station,3,2,148.371484,-34.5535743,"Harden NSW 2587, Australia"
1879,Harefield,2650,Harefield,train_station,0,0,147.5196582,-34.9606315,"Harefield NSW 2650, Australia"
1897,Havilah,2850,Havilah,train_station,0,0,149.7586,-32.6292699,"Havilah NSW 2850, Australia"
1903,Haymarket,2000,Central,train_station,4.1,889,151.2065819,-33.8826209,"Eddy Ave, Haymarket NSW 2000, Australia"
1907,Hazelbrook,2779,Hazelbrook Station,train_station,4.3,9,150.4545017,-33.723986,"Hazelbrook NSW 2779, Australia"
1909,Heathcote,2233,Heathcote Station,train_station,3.9,11,151.0080987,-34.0879598,"Heathcote NSW 2233, Australia"
1916,Helensburgh,2508,Helensburgh Station,train_station,4.3,18,150.9948512,-34.1769231,"Helensburgh NSW 2508, Australia"
1918,Henty,2658,Henty Station,train_station,5,3,147.035376,-35.5176411,"Railway Parade, Henty NSW 2658, Australia"
1923,Herons Creek,2443,Herons Creek,train_station,0,0,152.72698,-31.5909199,"Herons Creek NSW 2443, Australia"
1924,Hexham,2322,Hexham Station,train_station,3,4,151.6842142,-32.8289818,"Hexham NSW 2322, Australia"
1931,Hilldale,2420,Hilldale Station,train_station,4.5,2,151.6498958,-32.5043451,"Hilldale NSW 2420, Australia"
1955,Holsworthy,2173,Holsworthy Station,train_station,4.2,31,150.9566821,-33.9631658,"Holsworthy NSW 2173, Australia"
1958,Homebush,2140,Homebush,train_station,3.3,46,151.0859634,-33.8668855,"Homebush NSW 2140, Australia"
1960,Homebush West,2140,Flemington,train_station,3.9,73,151.0701872,-33.8649524,"Homebush West NSW 2140, Australia"
1966,Hornsby,2077,Hornsby,train_station,4.1,140,151.098357,-33.7034846,"Hornsby NSW 2077, Australia"
1989,Huntley,2800,Huntley,train_station,3,2,149.13394,-33.3677999,"Huntley NSW 2800, Australia"
1993,Hurlstone Park,2193,Hurlstone Park Station,train_station,4.2,18,151.1324861,-33.9101755,"Hurlstone Park NSW 2193, Australia"
1994,Hurstville,2220,Hurstville Station,train_station,4.3,112,151.1023145,-33.9676282,"Ormonde Parade, Hurstville NSW 2220, Australia"
1994,Hurstville,2220,Allawah Station,train_station,3.9,32,151.1145008,-33.9697109,"Hurstville NSW 2220, Australia"
2009,Ingleburn,2565,Ingleburn,train_station,4.3,24,150.8641549,-33.997714,"Ingleburn NSW 2565, Australia"
2033,Jannali,2226,Jannali,train_station,3.7,15,151.0645506,-34.01589740000001,"Jannali NSW 2226, Australia"
2069,Johns River,2443,Johns River,train_station,5,1,152.6991395,-31.7333945,"Johns River NSW 2443, Australia"
2078,Junee,2663,Junee Railway Station,train_station,4,10,147.5839818,-34.8701641,"Railway Square, Junee NSW 2663, Australia"
2085,Kamarah,2665,Kamarah,train_station,0,0,146.7849832,-34.3246942,"Kamarah NSW 2665, Australia"
2089,Kandos,2848,Kandos,train_station,5,2,149.9701514,-32.8596594,"Kandos NSW 2848, Australia"
2100,Kapooka,2661,Kapooka,train_station,0,0,147.29808,-35.1620199,"Kapooka NSW 2661, Australia"
2102,Karaak Flat,2429,Karaak Flat,train_station,0,0,152.2859529,-31.9261169,"Karaak Flat NSW 2429, Australia"
2109,Katoomba,2780,Katoomba Station,train_station,4.5,102,150.3113883,-33.7119365,"Katoomba NSW 2780, Australia"
2126,Kembla Grange,2526,Kembla Grange Station,train_station,4,2,150.8175243,-34.4701698,"Kembla Grange NSW 2526, Australia"
2130,Kendall,2439,Kendall Station,train_station,3.8,4,152.7064444,-31.6353729,"Kendall NSW 2439, Australia"
2136,Kentucky,2354,Kentucky,train_station,1,1,151.45052,-30.7606899,"Kentucky NSW 2354, Australia"
2137,Kentucky South,2354,Kentucky South,train_station,0,0,151.4401035,-30.7941379,"Kentucky South NSW 2354, Australia"
2142,Kerrs Creek,2800,Kerrs Creek,train_station,0,0,149.09588,-33.0480499,"Kerrs Creek NSW 2800, Australia"
2150,Kiama,2533,Kiama Station,train_station,4.5,37,150.8547346,-34.6724241,"Kiama NSW 2533, Australia"
2163,Killara,2071,Killara Station,train_station,3.3,23,151.1616908,-33.7654796,"Killara NSW 2071, Australia"
2166,Killawarra,2429,Killawarra,train_station,0,0,152.31197,-31.8918099,"Killawarra NSW 2429, Australia"
2193,Kingsgrove,2208,Kingsgrove Station,train_station,4.9,8,151.1005167,-33.940597,"Kingsgrove NSW 2208, Australia"
2199,Kingswood,2747,Kingswood Station,train_station,3.2,21,150.7204858,-33.7583835,"Kingswood NSW 2747, Australia"
2208,Kirrawee,2232,Kirrawee Station,train_station,4.3,12,151.0714683,-34.0349649,"Kirrawee NSW 2232, Australia"
2218,Kogarah,2217,Kogarah Station,train_station,4.2,58,151.1324438,-33.962728,"1 Railway Parade, Kogarah NSW 2217, Australia"
2222,Koolewong,2256,Koolewong Station,train_station,4.5,6,151.318512,-33.466255,"Koolewong NSW 2256, Australia"
2231,Kootingal,2352,Kootingal Station,train_station,5,1,151.056152,-31.058731,"Kootingal NSW 2352, Australia"
2237,Kotara,2289,Kotara Station,train_station,3.4,11,151.6982337,-32.9414532,"Kotara NSW 2289, Australia"
2248,Kundabung,2441,Kundabung,train_station,5,1,152.83543,-31.2092499,"Kundabung NSW 2441, Australia"
2251,Kungala,2460,Kungala,train_station,0,0,153.00811,-29.9478099,"Kungala NSW 2460, Australia"
2268,Kyogle,2474,Kyogle Station,train_station,4.5,2,153.0012434,-28.6201994,"Kyogle NSW 2474, Australia"
2278,Lake Bathurst,2580,Lake Bathurst,train_station,0,0,149.6471148,-35.0150839,"Lake Bathurst NSW 2580, Australia"
2281,Lake Cargelligo,2672,Lake Cargelligo,train_station,4,1,146.36912,-33.3015599,"Lake Cargelligo NSW 2672, Australia"
2284,Lake Cowal,2671,Lake Cowal,train_station,0,0,147.35824,-33.6886099,"Lake Cowal NSW 2671, Australia"
2284,Lake Cowal,2671,Corringle,train_station,0,0,147.34822,-33.6328599,"Lake Cowal NSW 2671, Australia"
2284,Lake Cowal,2671,Wamboyne,train_station,0,0,147.28129,-33.5688999,"Lake Cowal NSW 2671, Australia"
2285,Lake George,2581,Butmaroo,train_station,0,0,149.5113718,-35.2132032,"Lake George NSW 2581, Australia"
2295,Lakemba,2195,Lakemba Station,train_station,4,57,151.0758525,-33.9201175,"Lakemba NSW 2195, Australia"
2307,Langley Vale,2426,Langley Vale,train_station,0,0,152.57106,-31.7952399,"Langley Vale NSW 2426, Australia"
2308,Lanitza,2460,Lanitza,train_station,0,0,153.00044,-29.8813899,"Lanitza NSW 2460, Australia"
2313,Lapstone,2773,Lapstone Station,train_station,3.5,4,150.6427495,-33.7736407,"Lapstone NSW 2773, Australia"
2327,Lawson,2783,Lawson Station,train_station,4,5,150.4300208,-33.71899800000001,"Lawson NSW 2783, Australia"
2331,Leeton,2705,Koonadan,train_station,0,0,146.36682,-34.4806899,"Leeton NSW 2705, Australia"
2331,Leeton,2705,Leeton Station,train_station,4.7,3,146.3978378,-34.554559,"Dunn Ave, Leeton NSW 2705, Australia"
2343,Leppington,2179,Leppington Railway Station,train_station,3.6,53,150.8080079,-33.9544101,"2179, 187 Rickard Rd, Leppington NSW 2179, Australia"
2346,Leumeah,2560,Leumeah Station,train_station,3.9,16,150.8306041,-34.0507788,"Leumeah NSW 2560, Australia"
2347,Leura,2780,Leura Station,train_station,4.5,28,150.3304825,-33.7118886,"Leura NSW 2780, Australia"
2351,Lewisham,2049,Lewisham Station,train_station,3.5,40,151.1474277,-33.8932485,"4 Victoria St, Lewisham NSW 2049, Australia"
2354,Lidcombe,2141,Lidcombe,train_station,3.9,91,151.0447322,-33.8636195,"Railway Parade, Lidcombe NSW 2141, Australia"
2366,Limbri,2352,Limbri,train_station,0,0,151.15427,-31.0367599,"Limbri NSW 2352, Australia"
2373,Linden,2778,Linden Station,train_station,2.5,8,150.505035,-33.714893,"Linden NSW 2778, Australia"
2377,Lindfield,2070,Lindfield,train_station,4.2,34,151.1691014,-33.7756438,"Lindfield NSW 2070, Australia"
2382,Lisarow,2250,Lisarow Station,train_station,4,8,151.3700556,-33.3822602,"Lisarow NSW 2250, Australia"
2387,Lithgow,2790,Lithgow Station,train_station,4.5,21,150.1574494,-33.4804744,"Main St, Lithgow NSW 2790, Australia"
2401,Liverpool,2170,Liverpool Station,train_station,4.1,96,150.9272096,-33.9243088,"Liverpool NSW 2170, Australia"
2410,Lochinvar,2321,Lochinvar Station,train_station,3.5,4,151.4501368,-32.72061190000001,"Lochinvar NSW 2321, Australia"
2411,Lockhart,2656,Lockhart Railway Station,train_station,4.5,2,146.71505,-35.2253399,"Lockhart NSW 2656, Australia"
2413,Loftus,2232,Loftus Station,train_station,4.4,9,151.0511945,-34.0451058,"Loftus NSW 2232, Australia"
2471,Macksville,2447,Macksville Station,train_station,5,5,152.9131686,-30.7094591,"Station St, Macksville NSW 2447, Australia"
2475,Macquarie Fields,2564,Macquarie Fields Station,train_station,4.6,9,150.8790718,-33.9847434,"Macquarie Fields NSW 2564, Australia"
2491,Maitland,2320,Maitland Station,train_station,4.6,20,151.5521546,-32.7377917,"Maitland NSW 2320, Australia"
2491,Maitland,2320,High Street Station,train_station,3,1,151.5638976,-32.7414519,"Maitland NSW 2320, Australia"
2512,Mandurama,2792,Mandurama,train_station,0,0,149.07644,-33.6507899,"Mandurama NSW 2792, Australia"
2514,Mangoola,2328,Mangoola,train_station,4,1,150.7222519,-32.3377281,"Mangoola NSW 2328, Australia"
2514,Mangoola,2328,Roxburgh,train_station,0,0,150.75872,-32.3153599,"Mangoola NSW 2328, Australia"
2518,Manildra,2865,Manildra,train_station,0,0,148.69478,-33.1876299,"Manildra NSW 2865, Australia"
2518,Manildra,2865,Red Hill,train_station,0,0,148.57421,-33.1814299,"Manildra NSW 2865, Australia"
2518,Manildra,2865,Meranburn,train_station,0,0,148.63021,-33.1944699,"Manildra NSW 2865, Australia"
2518,Manildra,2865,Gregra,train_station,0,0,148.77079,-33.1797599,"Manildra NSW 2865, Australia"
2518,Manildra,2865,Bumberry,train_station,0,0,148.4985926,-33.1861623,"Manildra NSW 2865, Australia"
2531,Marayong,2148,Marayong Station,train_station,3.4,20,150.9001946,-33.746309,"Marayong NSW 2148, Australia"
2549,Marrangaroo,2790,Marrangaroo,train_station,0,0,150.11167,-33.4357099,"Marrangaroo NSW 2790, Australia"
2550,Marrar,2652,Marrar,train_station,0,0,147.350431,-34.823259,"Marrar NSW 2652, Australia"
2551,Marrickville,2204,Marrickville,train_station,4,47,151.1531684,-33.9137772,"Marrickville NSW 2204, Australia"
2560,Martins Creek,2420,Martins Creek Station,train_station,5,1,151.6185118,-32.5586721,"Martins Creek NSW 2420, Australia"
2562,Marulan,2579,Marulan Station,train_station,3.4,7,150.0059531,-34.70960420000001,"Marulan NSW 2579, Australia"
2565,Maryvale,2820,Maryvale,train_station,0,0,148.90848,-32.47517990000001,"Maryvale NSW 2820, Australia"
2567,Mascot,2020,Mascot,train_station,4.1,97,151.1874205,-33.9233037,"Mascot NSW 2020, Australia"
2567,Mascot,2020,Domestic Airport,train_station,3.5,222,151.1810645,-33.9336119,"Mascot NSW 2020, Australia"
2567,Mascot,2020,International Airport Station,train_station,3.3,223,151.166762,-33.935267,"Mascot NSW 2020, Australia"
2596,Meadowbank,2114,Meadowbank,train_station,3.8,47,151.0901473,-33.8159902,"Meadowbank NSW 2114, Australia"
2599,Medlow Bath,2780,Medlow Bath Station,train_station,3.3,3,150.2806553,-33.6735637,"Medlow Bath NSW 2780, Australia"
2606,Melinga,2430,Melinga,train_station,0,0,152.51901,-31.81092989999999,"Melinga NSW 2430, Australia"
2615,Menangle,2568,Menangle Station,train_station,3.7,6,150.7441446,-34.1255537,"Menangle NSW 2568, Australia"
2616,Menangle Park,2563,Menangle Park Station,train_station,5,2,150.7448675,-34.1037136,"Menangle Park NSW 2563, Australia"
2617,Mendooran,2842,Mendooran,train_station,0,0,149.1311,-31.8334199,"Mendooran NSW 2842, Australia"
2633,Merriwagga,2652,Merriwagga,train_station,0,0,145.62271,-33.8183199,"Merriwagga NSW 2652, Australia"
2634,Merrygoen,2831,Merrygoen,train_station,0,0,149.23064,-31.8272799,"Merrygoen NSW 2831, Australia"
2635,Merrylands,2160,Merrylands Station,train_station,3.9,56,150.9925513,-33.8365039,"Merrylands NSW 2160, Australia"
2637,Merungle Hill,2705,Roach,train_station,0,0,146.47028,-34.6454799,"Merungle Hill NSW 2705, Australia"
2639,Metford,2323,Metford Station,train_station,3.3,11,151.6180379,-32.7650156,"Metford NSW 2323, Australia"
2671,Millthorpe,2798,Millthorpe Station,train_station,3,5,149.1828,-33.448715,"Millthorpe NSW 2798, Australia"
2671,Millthorpe,2798,Polona Loop,train_station,0,0,149.20581,-33.4900799,"Millthorpe NSW 2798, Australia"
2677,Milsons Point,2061,Milsons Point Station,train_station,4.3,113,151.2118241,-33.8458572,"Milsons Point NSW 2061, Australia"
2682,Mindaribba,2320,Mindaribba Station,train_station,5,4,151.5845002,-32.6683303,"Mindaribba NSW 2320, Australia"
2686,Minnamurra,2533,Minnamurra Station,train_station,3.8,4,150.8525848,-34.6260084,"Minnamurra NSW 2533, Australia"
2688,Minore,2830,Minore,train_station,0,0,148.45922,-32.2588399,"Minore NSW 2830, Australia"
2689,Minto,2566,Minto Station,train_station,3.8,36,150.8424676,-34.0272946,"Minto NSW 2566, Australia"
2693,Miranda,2228,Miranda Station,train_station,4,34,151.1025719,-34.0363093,"Miranda NSW 2228, Australia"
2702,Mittagong,2575,Mittagong Station,train_station,3.9,8,150.4482245,-34.4524894,"Railway Parade, Mittagong NSW 2575, Australia"
2703,Moama,2731,Moama Railway Station,train_station,0,0,144.7617785,-36.1119523,"Shaw St, Moama NSW 2731, Australia"
2703,Moama,2731,Barnes,train_station,0,0,144.78987,-36.0366199,"Moama NSW 2731, Australia"
2719,Molong,2866,Molong,train_station,5,1,148.87227,-33.0925399,"Molong NSW 2866, Australia"
2719,Molong,2866,Pinecliffe,train_station,0,0,148.79849,-33.1518099,"Molong NSW 2866, Australia"
2730,Monivae,2850,Mortonmain,train_station,0,0,149.91365,-32.7293699,"Monivae NSW 2850, Australia"
2732,Monteagle,2594,Monteagle,train_station,0,0,148.3667522,-34.218593,"Monteagle NSW 2594, Australia"
2774,Morisset,2264,Morisset Station,train_station,4.4,28,151.4878595,-33.1089992,"Morisset NSW 2264, Australia"
2779,Mortdale,2223,Mortdale Station,train_station,4,25,151.0812595,-33.9706333,"Mortdale NSW 2223, Australia"
2790,Moss Vale,2577,Moss Vale Station,train_station,4.6,20,150.3718458,-34.5479282,"Moss Vale NSW 2577, Australia"
2801,Mount Colah,2079,Mount Colah Station,train_station,3.1,18,151.1149343,-33.6714627,"Mount Colah NSW 2079, Australia"
2807,Mount Druitt,2770,Mount Druitt,train_station,3.7,66,150.8200646,-33.7695837,"Mount Druitt NSW 2770, Australia"
2810,Mount Fairy,2580,Mount Fairy,train_station,0,0,149.5944643,-35.1730645,"Mount Fairy NSW 2580, Australia"
2812,Mount Frome,2850,Mount Frome,train_station,0,0,149.64697,-32.5951199,"Mount Frome NSW 2850, Australia"
2813,Mount George,2424,Mount George,train_station,0,0,152.18567,-31.8862699,"Mount George NSW 2424, Australia"
2823,Mount Knowles,2850,Mount Knowles,train_station,0,0,149.7201,-32.6200699,"Mount Knowles NSW 2850, Australia"
2825,Mount Lambie,2790,Sodwalls,train_station,0,0,149.99472,-33.5108199,"Mount Lambie NSW 2790, Australia"
2848,Mount Victoria,2786,Mount Victoria Station,train_station,4.6,17,150.2570418,-33.5878115,"Mount Victoria NSW 2786, Australia"
2863,Mudgee,2850,Mudgee Railway Station,train_station,5,3,149.5875388,-32.6013454,"Inglis St, Mudgee NSW 2850, Australia"
2866,Mulgrave,2756,Mulgrave Station,train_station,4.4,8,150.8304862,-33.626628,"Mulgrave NSW 2756, Australia"
2877,Mullion Creek,2800,Mullion Creek,train_station,0,0,149.11979,-33.1386399,"Mullion Creek NSW 2800, Australia"
2879,Mullumbimby,2482,Mullumbimby,train_station,0,0,153.502949,-28.5541312,"Mullumbimby NSW 2482, Australia"
2881,Mulwala,2647,Sloane,train_station,0,0,146.01965,-35.9129399,"Mulwala NSW 2647, Australia"
2883,Mumbil,2820,Mumbil,train_station,2,2,149.04752,-32.7227199,"Mumbil NSW 2820, Australia"
2901,Murrami,2705,Murrami,train_station,0,0,146.3038902,-34.4269254,"Murrami NSW 2705, Australia"
2901,Murrami,2705,Neeambah,train_station,0,0,146.25011,-34.3766999,"Murrami NSW 2705, Australia"
2901,Murrami,2705,Yarmawl,train_station,0,0,146.27362,-34.4004899,"Murrami NSW 2705, Australia"
2901,Murrami,2705,Wumbulgal,train_station,0,0,146.2102401,-34.3591768,"Murrami NSW 2705, Australia"
2915,Murrurundi,2338,Murrurundi Station,train_station,4.3,7,150.8394843,-31.7683715,"Murrurundi NSW 2338, Australia"
2915,Murrurundi,2338,Temple Court,train_station,5,1,150.8271869,-31.763959,"Murrurundi NSW 2338, Australia"
2915,Murrurundi,2338,Pangela,train_station,0,0,150.79341,-31.7571599,"Murrurundi NSW 2338, Australia"
2920,Muscle Creek,2333,Grasstree,train_station,0,0,150.9651402,-32.2875616,"Muscle Creek NSW 2333, Australia"
2921,Muswellbrook,2333,Muswellbrook Station,train_station,3.8,9,150.8905522,-32.2675127,"Market St, Muswellbrook NSW 2333, Australia"
2921,Muswellbrook,2333,Antiene,train_station,0,0,150.98466,-32.3382899,"Muswellbrook NSW 2333, Australia"
2932,Myrtle Creek,2469,Myrtle Creek,train_station,0,0,152.9456,-29.1134499,"Myrtle Creek NSW 2469, Australia"
2942,Nana Glen,2450,Nana Glen,train_station,5,1,153.01834,-30.1354999,"Nana Glen NSW 2450, Australia"
2947,Narara,2250,Narara Station,train_station,3.6,7,151.3444666,-33.3947709,"Narara NSW 2250, Australia"
2956,Narrabri,2390,Narrabri Station,train_station,4.2,5,149.7920496,-30.3252128,"Narrabri NSW 2390, Australia"
2956,Narrabri,2390,Narrabri West,train_station,0,0,149.7566944,-30.3420744,"Narrabri NSW 2390, Australia"
2960,Narrandera,2700,Paynters,train_station,0,0,146.52544,-34.6819699,"Narrandera NSW 2700, Australia"
2960,Narrandera,2700,Narrandera Railway Station,train_station,4.5,2,146.5569948,-34.7405931,"Narrandera NSW 2700, Australia"
2965,Narromine,2821,Narromine Station,train_station,0,0,148.2403531,-32.2339837,"Narromine NSW 2821, Australia"
2965,Narromine,2821,Narwonah,train_station,0,0,148.1924,-32.3065199,"Narromine NSW 2821, Australia"
2966,Narwee,2209,Narwee Station,train_station,4.2,18,151.0701728,-33.9475524,"Narwee NSW 2209, Australia"
2967,Nashdale,2800,Nashdale,train_station,0,0,149.02428,-33.2886799,"Nashdale NSW 2800, Australia"
2979,Nemingha,2340,Nemingha,train_station,0,0,150.98847,-31.1212899,"Nemingha NSW 2340, Australia"
2990,Nevertire,2831,Nevertire,train_station,0,0,147.71575,-31.8376399,"Nevertire NSW 2831, Australia"
2990,Nevertire,2831,Belaringar,train_station,0,0,147.5787437,-31.7653812,"Nevertire NSW 2831, Australia"
3002,Newbridge,2795,Newbridge,train_station,0,0,149.36547,-33.5815999,"Newbridge NSW 2795, Australia"
3002,Newbridge,2795,Gresham,train_station,0,0,149.40669,-33.5694099,"Newbridge NSW 2795, Australia"
3016,Newtown,2042,Newtown,train_station,4.4,81,151.1796353,-33.8979962,"330 King St, Newtown NSW 2042, Australia"
3017,Niagara Park,2250,Niagara Park Station,train_station,3.1,7,151.354433,-33.3832051,"Niagara Park NSW 2250, Australia"
3028,Nooroo,2415,Nooroo,train_station,0,0,151.88925,-32.3640699,"Nooroo NSW 2415, Australia"
3033,Normanhurst,2076,Normanhurst Station,train_station,4.3,11,151.097172,-33.7208698,"Normanhurst NSW 2076, Australia"
3052,North Macksville,2447,Newee Creek,train_station,1,1,152.95027,-30.6584299,"North Macksville NSW 2447, Australia"
3064,North St Marys,2760,St Marys Station,train_station,3.6,35,150.775146,-33.762096,"North St Marys NSW 2760, Australia"
3066,North Strathfield,2137,North Strathfield,train_station,3.7,33,151.0881083,-33.8589529,"North Strathfield NSW 2137, Australia"
3067,North Sydney,2060,North Sydney,train_station,4.3,82,151.207413,-33.841148,"Blue St, North Sydney NSW 2060, Australia"
3075,North Wollongong,2500,North Wollongong Station,train_station,4.1,24,150.8913286,-34.412333,"North Wollongong NSW 2500, Australia"
3112,Nyrang Creek,2804,Nyrang Creek,train_station,0,0,148.55989,-33.5472899,"Nyrang Creek NSW 2804, Australia"
3114,Oak Flats,2529,Oak Flats Station,train_station,3.9,11,150.8203931,-34.5719509,"Oak Flats NSW 2529, Australia"
3117,Oakhampton,2320,Oakhampton,train_station,0,0,151.5596156,-32.696249,"Oakhampton NSW 2320, Australia"
3127,Oatley,2223,Oatley Station,train_station,4.2,27,151.0790521,-33.9807522,"Oatley NSW 2223, Australia"
3141,Old Junee,2652,Old Junee,train_station,0,0,147.5154523,-34.8394531,"Old Junee NSW 2652, Australia"
3155,Orange,2800,Orange Station,train_station,3.7,11,149.1036453,-33.2867418,"Orange NSW 2800, Australia"
3155,Orange,2800,Orange East Fork,train_station,0,0,149.101517,-33.299652,"Orange NSW 2800, Australia"
3155,Orange,2800,Indian-Pacific Orange,train_station,4.3,4,149.1002264,-33.3000768,"Forest Rd, Warrendine NSW 2800, Australia"
3166,Otford,2508,Otford Station,train_station,3.2,10,151.0055905,-34.2107278,"Otford NSW 2508, Australia"
3168,Ourimbah,2258,Ourimbah Station,train_station,3.9,8,151.3700316,-33.3595595,"Ourimbah NSW 2258, Australia"
3183,Padstow,2211,Padstow Station,train_station,4,28,151.0323912,-33.9518961,"Padstow NSW 2211, Australia"
3206,Panania,2213,Panania,train_station,3.3,14,150.997845,-33.9543247,"Panania NSW 2213, Australia"
3213,Parkes,2870,Parkes Station,train_station,4,2,148.1733721,-33.1422022,"Welcome Street, Parkes NSW 2870, Australia"
3213,Parkes,2870,Mugincoble,train_station,5,1,148.22574,-33.1915499,"Parkes NSW 2870, Australia"
3213,Parkes,2870,Nanardine,train_station,0,0,148.11417,-33.0621199,"Parkes NSW 2870, Australia"
3213,Parkes,2870,Goobang Junction,train_station,5,1,148.1403474,-33.1381193,"Parkes NSW 2870, Australia"
3219,Parramatta,2150,Parramatta,train_station,4.2,171,151.0048271,-33.817225,"Parramatta NSW 2150, Australia"
3223,Paterson,2421,Paterson,train_station,3.7,7,151.6147255,-32.6023682,"Paterson NSW 2421, Australia"
3230,Peak Hill,2869,Peak Hill,train_station,0,0,148.18267,-32.7282599,"Peak Hill NSW 2869, Australia"
3230,Peak Hill,2869,Mickibri,train_station,0,0,148.19487,-32.8616199,"Peak Hill NSW 2869, Australia"
3247,Pendle Hill,2145,Pendle Hill Station,train_station,4,28,150.9564076,-33.8013251,"Pendle Hill NSW 2145, Australia"
3248,Pennant Hills,2120,Pennant Hills,train_station,4.1,22,151.0724737,-33.7381109,"Pennant Hills NSW 2120, Australia"
3249,Penrith,2751,Penrith,train_station,4.1,68,150.6958229,-33.7500866,"Penrith NSW 2750, Australia"
3252,Penrose,2579,Penrose Station,train_station,4,2,150.2120405,-34.672253,"Penrose NSW 2579, Australia"
3253,Penshurst,2222,Penshurst Station,train_station,4.6,27,151.0891512,-33.9661564,"Penshurst NSW 2222, Australia"
3255,Perisher Valley,2624,Ski Tube Perisher Station,train_station,4.4,9,148.4117395,-36.4051915,"Perisher Valley NSW 2624, Australia"
3257,Perthville,2795,Perthville,train_station,0,0,149.5458469,-33.486641,"Vale Rd, Perthville NSW 2795, Australia"
3258,Petersham,2049,Petersham Station,train_station,3.6,43,151.1551268,-33.8939191,"Petersham NSW 2049, Australia"
3269,Picton,2571,Picton Station,train_station,4.1,9,150.6126083,-34.179007,"Picton NSW 2571, Australia"
3300,Point Clare,2250,Point Clare Station,train_station,4.5,6,151.3283688,-33.4461238,"Point Clare NSW 2250, Australia"
3314,Port Kembla,2505,Port Kembla Station,train_station,4.3,7,150.9025676,-34.4771959,"Port Kembla NSW 2505, Australia"
3314,Port Kembla,2505,Port Kembla North Station,train_station,3,1,150.8883538,-34.4727494,"Port Kembla NSW 2505, Australia"
3314,Port Kembla,2505,Cringila Station,train_station,5,1,150.8783113,-34.46702399999999,"Port Kembla NSW 2505, Australia"
3319,Portland,2847,Pipers Flat,train_station,0,0,150.0009355,-33.3718343,"Portland NSW 2847, Australia"
3325,Potts Point,2011,Kings Cross,train_station,4.1,117,151.222611,-33.874268,"Darlinghurst Rd, Potts Point NSW 2011, Australia"
3337,Pucawan,2666,Pucawan,train_station,0,0,147.35133,-34.3968099,"Pucawan NSW 2666, Australia"
3340,Pullabooka,2810,Pullabooka,train_station,5,1,147.76453,-33.7503099,"Pullabooka NSW 2810, Australia"
3343,Punchbowl,2460,Punchbowl Station,train_station,3.3,42,151.0555281,-33.9253493,"Punchbowl NSW 2196, Australia"
3350,Pymble,2073,Pymble Station,train_station,3.5,25,151.1419637,-33.7446757,"Pymble NSW 2073, Australia"
3355,Quakers Hill,2763,Quakers Hill Station,train_station,4.3,29,150.886186,-33.7274173,"Quakers Hill NSW 2763, Australia"
3358,Quandary,2666,Quandary,train_station,0,0,147.3156529,-34.3858983,"Quandary NSW 2665, Australia"
3359,Quandialla,2721,Quandialla,train_station,5,1,147.79839,-34.0129399,"Quandialla NSW 2721, Australia"
3360,Queanbeyan,2620,Queanbeyan Station,train_station,3.8,10,149.227646,-35.342892,"Queanbeyan NSW 2620, Australia"
3370,Quipolly,2343,Quipolly,train_station,0,0,150.65528,-31.4265599,"Quipolly NSW 2343, Australia"
3371,Quirindi,2343,Quirindi Station,train_station,4.3,3,150.6810296,-31.50528079999999,"Quirindi NSW 2343, Australia"
3374,Raglan,2795,Raglan,train_station,4,2,149.6519305,-33.4334248,"Raglan NSW 2795, Australia"
3387,Rankins Springs,2669,Rankins Springs,train_station,0,0,146.26611,-33.8418999,"Rankins Springs NSW 2669, Australia"
3389,Rappville,2469,Rappville,train_station,5,1,152.95297,-29.0866099,"Rappville NSW 2469, Australia"
3393,Ravensworth,2330,Ravensworth,train_station,4,1,151.05836,-32.4419899,"Ravensworth NSW 2330, Australia"
3414,Reefton,2666,Reefton,train_station,0,0,147.43482,-34.2431699,"Reefton NSW 2666, Australia"
3415,Regents Park,2143,Regents Park,train_station,3.6,14,151.0241466,-33.882979,"Regents Park NSW 2143, Australia"
3420,Rennie,2646,Rennie,train_station,5,3,146.13319,-35.8080599,"Rennie NSW 2646, Australia"
3420,Rennie,2646,Warragoon,train_station,0,0,146.04113,-35.8205499,"Rennie NSW 2646, Australia"
3426,Revesby,2212,Revesby Station,train_station,4.3,45,151.0148924,-33.9524486,"Revesby NSW 2212, Australia"
3430,Rhodes,2138,Rhodes Station,train_station,4.1,62,151.0870825,-33.8305508,"Rhodes NSW 2138, Australia"
3432,Richmond,2755,Richmond Station,train_station,4.3,16,150.7525297,-33.5988159,"Richmond NSW 2753, Australia"
3432,Richmond,2755,East Richmond Station,train_station,4,6,150.7591251,-33.6017917,"Richmond NSW 2753, Australia"
3441,Riverstone,2765,Riverstone Station,train_station,3.5,13,150.8604169,-33.6790725,"Riverstone NSW 2765, Australia"
3444,Riverwood,2210,Riverwood Station,train_station,3.6,33,151.0524899,-33.9514785,"Riverwood NSW 2210, Australia"
3447,Robertson,2577,Robertson Bus,train_station,4.5,6,150.5937632,-34.5908629,"Yarranga St, Robertson NSW 2577, Australia"
3452,Rockdale,2216,Rockdale Station,train_station,3.9,61,151.1367137,-33.9522623,"Rockdale NSW 2216, Australia"
3467,Rooty Hill,2766,Rooty Hill Station,train_station,3.5,23,150.8451541,-33.771561,"Rooty Hill NSW 2766, Australia"
3484,Roseville,2069,Roseville Station,train_station,3.9,28,151.1772549,-33.7841736,"Roseville NSW 2069, Australia"
3488,Rossglen,2439,Rossglen,train_station,0,0,152.72673,-31.6631199,"Rossglen NSW 2439, Australia"
3524,Rydal,2790,Rydal Station,train_station,5,2,150.0318547,-33.4839135,"Rydal NSW 2790, Australia"
3529,Rylstone,2849,Rylstone,train_station,0,0,149.97404,-32.7956199,"Rylstone NSW 2849, Australia"
3569,Sawtell,2452,Sawtell Station,train_station,4,3,153.0975451,-30.3595211,"Hulberts Rd, Sawtell NSW 2452, Australia"
3571,Scarborough,2515,Scarborough Station,train_station,4,4,150.9658586,-34.2649126,"Scarborough NSW 2515, Australia"
3573,Schofields,2762,Schofields Station,train_station,3.8,32,150.8738676,-33.7046401,"Schofields NSW 2762, Australia"
3574,Scone,2337,Scone Station,train_station,3.8,5,150.8670102,-32.0468766,"Scone NSW 2337, Australia"
3587,Sefton,2162,Sefton Station,train_station,4.2,15,151.0114608,-33.8852346,"Sefton NSW 2162, Australia"
3590,Seven Hills,2147,Seven Hills Station,train_station,3.7,62,150.9361701,-33.7742788,"The Centre, Terminus Rd, Seven Hills NSW 2147, Australia"
3598,Shannon Brook,2470,Shannon Brook,train_station,0,0,153.0081,-28.9199199,"Shannon Brook NSW 2470, Australia"
3613,Shortland,2307,Sandgate Station,train_station,2,4,151.702881,-32.872379,"Shortland NSW 2304, Australia"
3619,Singleton,2330,Singleton Station,train_station,4,6,151.1656322,-32.5719709,"Singleton NSW 2330, Australia"
3652,South Grafton,2460,Grafton Station,train_station,4,16,152.9416976,-29.703627,"Crisp Ave, South Grafton NSW 2460, Australia"
3659,South Lismore,2480,Lismore Railway Station,train_station,2,8,153.2688547,-28.81042769999999,"Norco Ln, South Lismore NSW 2480, Australia"
3686,Spring Hill,2800,Lysaghts Station,train_station,3,4,150.8760279,-34.4548827,"Spring Hill NSW 2500, Australia"
3686,Spring Hill,2800,Spring Hill,train_station,0,0,149.15606,-33.3992399,"Spring Hill NSW 2800, Australia"
3696,Springwood,2777,Springwood Station,train_station,3.8,27,150.5637654,-33.6989315,"Springwood NSW 2777, Australia"
3708,St Leonards,2065,St Leonards Station,train_station,4.1,77,151.1941899,-33.8223718,"St Leonards NSW 2065, Australia"
3713,St Peters,2044,St Peters,train_station,3.7,51,151.1803033,-33.9074985,"St Peters NSW 2044, Australia"
3716,Stanbridge,2705,Dandinya,train_station,0,0,146.24298,-34.5400199,"Stanbridge NSW 2705, Australia"
3720,Stanmore,2048,Stanmore,train_station,3.9,29,151.1639107,-33.8946689,"Trafalgar St, Stanmore NSW 2048, Australia"
3723,Stanwell Park,2508,Stanwell Park Station,train_station,3,8,150.9813111,-34.2262528,"Stanwell Park NSW 2508, Australia"
3731,Stockinbingal,2725,Stockinbingal,train_station,0,0,147.86815,-34.4981699,"Stockinbingal NSW 2725, Australia"
3731,Stockinbingal,2725,Gundibindyal,train_station,0,0,147.78984,-34.4762199,"Stockinbingal NSW 2725, Australia"
3731,Stockinbingal,2725,Yeo Yeo,train_station,0,0,147.95628,-34.49233,"Stockinbingal NSW 2725, Australia"
3742,Stratford,2422,Stratford,train_station,0,0,151.9370879,-32.1191986,"Stratford NSW 2422, Australia"
3745,Strathfield,2135,Strathfield,train_station,4.1,151,151.094264,-33.8722229,"Strathfield NSW 2135, Australia"
3749,Stroud Road,2415,Stroud Road,train_station,5,1,151.92998,-32.3476399,"Stroud Road NSW 2415, Australia"
3750,Stuart Town,2820,Stuart Town Station,train_station,3,1,149.078323,-32.801193,"Stuart Town NSW 2820, Australia"
3756,Summer Hill,2800,Summer Hill,train_station,4.1,24,151.1387263,-33.8904436,"Summer Hill NSW 2130, Australia"
3770,Sutherland,2232,Sutherland Station,train_station,4.2,48,151.0573477,-34.0315181,"Sutherland NSW 2232, Australia"
3782,Sydenham,2044,Sydenham,train_station,4.4,88,151.1660247,-33.9147525,"Sydenham NSW 2044, Australia"
3783,Sydney,2001,Circular Quay,train_station,4.6,600,151.2106937,-33.8611801,"Circular Quay Railway Station, Alfred St, Sydney NSW 2000, Australia"
3783,Sydney,2001,Town Hall,train_station,3.9,452,151.2071186,-33.8731993,"George St, Sydney NSW 2000, Australia"
3783,Sydney,2001,Wynyard,train_station,3.9,271,151.2061744,-33.8657055,"Sydney NSW 2000, Australia"
3783,Sydney,2001,Martin Place Station,train_station,4,90,151.211807,-33.867924,"Sydney NSW 2000, Australia"
3783,Sydney,2001,St James Station,train_station,4.1,102,151.2104294,-33.8706943,"Sydney NSW 2000, Australia"
3783,Sydney,2001,Museum Station,train_station,4.2,131,151.2098093,-33.8765397,"Sydney NSW 2000, Australia"
3786,Sydney Olympic Park,2127,Olympic Park Station,train_station,4,100,151.0695205,-33.8465207,"Sydney Olympic Park NSW 2127, Australia"
3800,Tahmoor,2573,Tahmoor Station,train_station,3.3,3,150.590093,-34.2234973,"Tahmoor NSW 2573, Australia"
3805,Tallimba,2669,Buddigower,train_station,0,0,147.01114,-34.0421999,"Tallimba NSW 2669, Australia"
3805,Tallimba,2669,Tallimba,train_station,5,1,146.88249,-33.9915599,"Tallimba NSW 2669, Australia"
3805,Tallimba,2669,Buralyang,train_station,0,0,146.76103,-33.9738699,"Tallimba NSW 2669, Australia"
3806,Tallong,2579,Tallong Station,train_station,3,3,150.0864427,-34.718271,"Tallong NSW 2579, Australia"
3819,Tamworth,2340,Tamworth,train_station,4.3,20,150.9309107,-31.087472,"Marius St, Tamworth NSW 2340, Australia"
3827,Tantonan,2731,Tantonan,train_station,0,0,144.55353,-35.7188199,"Tantonan NSW 2731, Australia"
3831,Tarago,2580,Tarago Station,train_station,3.6,7,149.6513962,-35.0700824,"Tarago NSW 2580, Australia"
3833,Tarana,2787,Tarana Station,train_station,4.3,3,149.9075144,-33.5242199,"Tarana NSW 2787, Australia"
3833,Tarana,2787,Tarana Quarry,train_station,0,0,149.86654,-33.5166599,"Tarana NSW 2787, Australia"
3837,Taree,2430,Taree Station,train_station,4.7,15,152.4572716,-31.9063167,"Olympia St, Taree NSW 2430, Australia"
3845,Tarro,2322,Tarro Station,train_station,3.8,5,151.669836,-32.8090802,"Tarro NSW 2322, Australia"
3846,Tascott,2250,Tascott Station,train_station,3.9,7,151.3185604,-33.4508667,"Tascott NSW 2250, Australia"
3854,Telarah,2320,Telarah Station,train_station,4,8,151.5398161,-32.7233883,"Telarah NSW 2320, Australia"
3855,Telegraph Point,2441,Telegraph Point,train_station,0,0,152.80054,-31.3226399,"Telegraph Point NSW 2441, Australia"
3858,Temora,2666,Temora Railway Station,train_station,4,4,147.5292105,-34.4482677,"Camp St, Temora NSW 2666, Australia"
3858,Temora,2666,Sproules Lagoon,train_station,0,0,147.50365,-34.3914299,"Temora NSW 2666, Australia"
3859,Tempe,2044,Tempe Station,train_station,3.4,34,151.1564433,-33.9245185,"Tempe NSW 2044, Australia"
3867,Teralba,2284,Teralba Station,train_station,3.7,6,151.6035557,-32.9624906,"Teralba NSW 2284, Australia"
3867,Teralba,2284,Booragul Station,train_station,3,6,151.6048998,-32.9716048,"Teralba NSW 2284, Australia"
3911,The Risk,2474,The Risk,train_station,5,3,152.9412578,-28.4798882,"The Risk NSW 2474, Australia"
3921,Thirlmere,2572,Thirlmere,train_station,4.6,8,150.5718296,-34.2045944,"Thirlmere NSW 2572, Australia"
3922,Thirroul,2515,Thirroul Station,train_station,4.4,21,150.9187088,-34.3181358,"Thirroul NSW 2515, Australia"
3924,Thornleigh,2120,Thornleigh Station,train_station,4,25,151.0783812,-33.7318189,"Thornleigh NSW 2120, Australia"
3925,Thornton,2322,Thornton Station,train_station,4.8,8,151.6398346,-32.7834829,"Thornton NSW 2322, Australia"
3954,Tintinhull,2352,Tintinhull,train_station,0,0,151.02156,-31.0881699,"Tintinhull NSW 2352, Australia"
3958,Tirrannaville,2580,Komungla,train_station,4,1,149.6468889,-34.8649529,"Tirrannaville NSW 2580, Australia"
3958,Tirrannaville,2580,Springfield,train_station,4,1,149.6466811,-34.9377928,"Tirrannaville NSW 2580, Australia"
3971,Tomingley,2869,Tomingley West,train_station,5,1,148.1531868,-32.5723829,"Tomingley NSW 2869, Australia"
3982,Toongabbie,2146,Toongabbie,train_station,3.1,27,150.9515113,-33.7871648,"Toongabbie NSW 2146, Australia"
3991,Tootool,2655,Tootool,train_station,0,0,146.99794,-35.2595899,"Tootool NSW 2655, Australia"
4004,Towradgi,2518,Towradgi Station,train_station,3.8,5,150.9014448,-34.3838764,"Towradgi NSW 2518, Australia"
4005,Towrang,2580,Murray Flats,train_station,1,1,149.7891869,-34.723874,"Towrang NSW 2580, Australia"
4007,Trangie,2823,Trangie,train_station,4,1,147.9861637,-32.0312002,"Trangie NSW 2823, Australia"
4007,Trangie,2823,Myall Mundi,train_station,0,0,147.90754,-31.9734499,"Trangie NSW 2823, Australia"
4015,Trundle,2875,Trundle,train_station,0,0,147.71037,-32.9166799,"Trundle NSW 2875, Australia"
4015,Trundle,2875,The Troffs,train_station,0,0,147.65336,-32.8266726,"Trundle NSW 2875, Australia"
4015,Trundle,2875,Kadungle,train_station,0,0,147.62319,-32.7612823,"Trundle NSW 2875, Australia"
4020,Tubbul,2594,Tubbal Road,train_station,0,0,147.93692,-34.2561999,"Tubbul NSW 2594, Australia"
4026,Tuggerah,2259,Tuggerah Station,train_station,3.9,32,151.4202839,-33.3078434,"Tuggerah NSW 2259, Australia"
4030,Tullamore,2874,Gobondery,train_station,0,0,147.5938338,-32.6902891,"Tullamore NSW 2874, Australia"
4030,Tullamore,2874,Yethera,train_station,0,0,147.57438,-32.5329099,"Tullamore NSW 2874, Australia"
4033,Tullibigeal,2669,Tullibgeal,train_station,0,0,146.72123,-33.4178399,"Tullibigeal NSW 2669, Australia"
4033,Tullibigeal,2669,Burgooney,train_station,0,0,146.57597,-33.3859799,"Tullibigeal NSW 2669, Australia"
4042,Tumut,2720,Tumut Railway Station,train_station,4.3,4,148.2114343,-35.2952034,"Tumut NSW 2720, Australia"
4056,Turramurra,2074,Turramurra Station,train_station,4,25,151.1283718,-33.732324,"Rohini St, Turramurra NSW 2074, Australia"
4058,Turrella,2205,Turrella Station,train_station,3.9,22,151.139968,-33.9299019,"Turrella NSW 2205, Australia"
4059,Turvey Park,2650,Wagga Wagga Railway Station,train_station,4.4,25,147.3685119,-35.1203284,"Station Pl, Turvey Park NSW 2650, Australia"
4078,Ulamambri,2357,Ulamambri,train_station,5,2,149.38407,-31.3310399,"Ulamambri NSW 2357, Australia"
4086,Unanderra,2526,Unanderra Station,train_station,2.3,18,150.8460096,-34.45474,"Unanderra NSW 2526, Australia"
4088,Ungarie,2669,Ungarie,train_station,0,0,146.9619169,-33.635422,"Ungarie NSW 2669, Australia"
4088,Ungarie,2669,Weja,train_station,0,0,146.82431,-33.5330999,"Ungarie NSW 2669, Australia"
4088,Ungarie,2669,Youngareen,train_station,0,0,146.85286,-33.6498899,"Ungarie NSW 2669, Australia"
4128,Uralla,2358,Uralla Station,train_station,0,0,151.5049765,-30.6440426,"Uralla NSW 2358, Australia"
4137,Urunga,2455,Urunga Station,train_station,3.5,2,153.018646,-30.499037,"Pilot St, Urunga NSW 2455, Australia"
4145,Valley Heights,2777,Valley Heights Station,train_station,4,4,150.583832,-33.704483,"Valley Heights NSW 2777, Australia"
4150,Villawood,2163,Villawood Station,train_station,3.4,17,150.976053,-33.880887,"Villawood NSW 2163, Australia"
4150,Villawood,2163,Leightonfield Station,train_station,4.5,2,150.985237,-33.8814266,"Villawood NSW 2163, Australia"
4152,Vineyard,2765,Vineyard Station,train_station,3.6,5,150.8511339,-33.6504049,"Vineyard NSW 2765, Australia"
4163,Wahroonga,2076,Wahroonga Station,train_station,3.8,25,151.1169566,-33.7174898,"Wahroonga NSW 2076, Australia"
4164,Waitara,2077,Waitara Station,train_station,3.9,18,151.1044132,-33.7100629,"Waitara NSW 2077, Australia"
4172,Walcha Road,2354,Walcha Road Station,train_station,5,1,151.4022538,-30.9412122,"Walcha Road NSW 2354, Australia"
4189,Wallarobba,2420,Wallarobba Station,train_station,3,2,151.695724,-32.496162,"Wallarobba NSW 2420, Australia"
4190,Wallendbeen,2588,Wallendbeen,train_station,4.5,2,148.1590556,-34.5217451,"Wallendbeen NSW 2588, Australia"
4190,Wallendbeen,2588,Morrisons Hill,train_station,5,1,148.1103917,-34.5339679,"Wallendbeen NSW 2588, Australia"
4191,Wallerawang,2845,Wallerawang,train_station,4,4,150.0681354,-33.4076064,"Wallerawang NSW 2845, Australia"
4191,Wallerawang,2845,Wallerawang Bus,train_station,0,0,150.066498,-33.411102,"Wallerawang NSW 2845, Australia"
4203,Wambool,2795,Wambool,train_station,0,0,149.74805,-33.5014899,"Wambool NSW 2795, Australia"
4219,Warabrook,2304,Warabrook,train_station,3.7,14,151.7100017,-32.8871906,"Warabrook NSW 2304, Australia"
4220,Waratah,2298,Waratah Station,train_station,3,14,151.7311851,-32.90244490000001,"Waratah NSW 2298, Australia"
4226,Wards River,2422,Wards River,train_station,0,0,151.93849,-32.2191399,"Wards River NSW 2422, Australia"
4233,Warnervale,2259,Warnervale Station,train_station,3.9,14,151.44877,-33.2474829,"Warnervale NSW 2259, Australia"
4236,Warragai Creek,2460,Warragi Creek,train_station,0,0,152.98867,-29.5481799,"Warragai Creek NSW 2460, Australia"
4236,Warragai Creek,2460,Kyarran Loop,train_station,1,1,152.97495,-29.5783199,"Warragai Creek NSW 2460, Australia"
4242,Warral,2340,Warral,train_station,0,0,150.86345,-31.1595199,"Warral NSW 2340, Australia"
4244,Warrawee,2074,Warrawee Station,train_station,2.9,9,151.121658,-33.724178,"Warrawee NSW 2074, Australia"
4249,Warrell Creek,2447,Warrell Creek,train_station,0,0,152.8928974,-30.7703522,"Warrell Creek NSW 2447, Australia"
4250,Warren,2824,Warren,train_station,4,1,147.8275,-31.6981099,"Warren NSW 2824, Australia"
4255,Warrimoo,2774,Warrimoo Station,train_station,4.3,6,150.6023473,-33.721285,"Warrimoo NSW 2774, Australia"
4260,Warwick Farm,2170,Warwick Farm Railway Station,train_station,4,29,150.9352109,-33.9130751,"Railway Pathway, Warwick Farm NSW 2170, Australia"
4264,Waterfall,2233,Waterfall Station,train_station,4.1,15,150.9944924,-34.134502,"Waterfall NSW 2233, Australia"
4273,Wattamondara,2794,Wattamondara,train_station,0,0,148.606167,-33.9392029,"Wattamondara NSW 2794, Australia"
4280,Wauchope,2446,Wauchope Station,train_station,4.7,6,152.7365772,-31.456006,"Randall St, Wauchope NSW 2446, Australia"
4285,Waverton,2060,Waverton,train_station,4.5,19,151.1976067,-33.8378454,"Waverton NSW 2060, Australia"
4294,Wee Waa,2388,Wee Waa,train_station,0,0,149.43922,-30.2300699,"Wee Waa NSW 2388, Australia"
4295,Weedallion,2594,Weedallion,train_station,0,0,147.93835,-34.1948399,"Weedallion NSW 2594, Australia"
4297,Weetaliba,2395,Weetaliba,train_station,0,0,149.58553,-31.6398999,"Weetaliba NSW 2395, Australia"
4298,Weethalle,2669,Weethalle,train_station,4,1,146.6206,-33.8765199,"Weethalle NSW 2669, Australia"
4298,Weethalle,2669,Taleeban,train_station,0,0,146.46284,-33.8702099,"Weethalle NSW 2669, Australia"
4300,Weismantels,2415,Weismantels,train_station,0,0,151.9440009,-32.2569089,"Weismantels NSW 2415, Australia"
4309,Wentworth Falls,2782,Wentworth Falls Station,train_station,3.1,18,150.3764172,-33.7098832,"Wentworth Falls NSW 2782, Australia"
4311,Wentworthville,2145,Wentworthville Station,train_station,4.3,46,150.9727022,-33.8070931,"Wentworthville NSW 2145, Australia"
4318,Werrington,2747,Werrington Station,train_station,3.7,7,150.7576771,-33.7592392,"Werrington NSW 2747, Australia"
4321,Werris Creek,2341,Werris Creek Station,train_station,4.3,9,150.646367,-31.3492313,"Werris Creek NSW 2341, Australia"
4321,Werris Creek,2341,Turilawa,train_station,0,0,150.55628,-31.36280989999999,"Werris Creek NSW 2341, Australia"
4321,Werris Creek,2341,Gap,train_station,0,0,150.59722,-31.3564199,"Werris Creek NSW 2341, Australia"
4331,West Kempsey,2440,Kempsey Station,train_station,5,9,152.8328944,-31.0767118,"Kemp St, West Kempsey NSW 2440, Australia"
4335,West Ryde,2114,West Ryde,train_station,4,36,151.0901785,-33.8073346,"West Ryde NSW 2114, Australia"
4338,West Wiangaree,2474,The Cape,train_station,0,0,152.9555334,-28.4994589,"West Wiangaree NSW 2474, Australia"
4340,West Wyalong,2671,West Wyalong,train_station,1,1,147.2011463,-33.9279303,"West Wyalong NSW 2671, Australia"
4340,West Wyalong,2671,Wyalong,train_station,0,0,147.2210295,-33.93412,"West Wyalong NSW 2671, Australia"
4340,West Wyalong,2671,Wyrra,train_station,0,0,147.26924,-33.8221799,"West Wyalong NSW 2671, Australia"
4340,West Wyalong,2671,Calleen,train_station,0,0,147.10501,-33.78079990000001,"West Wyalong NSW 2671, Australia"
4345,Westmead,2145,Westmead,train_station,4.3,57,150.9879225,-33.808415,"Westmead NSW 2145, Australia"
4363,Whittingham,2330,Whittingham,train_station,0,0,151.20001,-32.6044299,"Whittingham NSW 2330, Australia"
4367,Wiangaree,2474,Wiangaree,train_station,4,1,152.96552,-28.51252,"Wiangaree NSW 2474, Australia"
4369,Wickham,2293,Newcastle Interchange,train_station,3.5,65,151.759319,-32.923914,"Wickham NSW 2293, Australia"
4377,Wiley Park,2195,Wiley Park Station,train_station,3.8,24,151.06808,-33.9226901,"Wiley Park NSW 2195, Australia"
4390,Willow Tree,2339,Willow Tree Station,train_station,4.5,4,150.7260471,-31.6501789,"Willow Tree NSW 2339, Australia"
4397,Wimbledon,2795,Wimbledon,train_station,0,0,149.43175,-33.5437399,"Wimbledon NSW 2795, Australia"
4410,Windsor,2756,Windsor Station,train_station,3.6,18,150.8112687,-33.6137621,"Windsor NSW 2756, Australia"
4415,Wingello,2579,Wingello Station,train_station,3.1,7,150.1582932,-34.6920996,"Wingello NSW 2579, Australia"
4416,Wingen,2337,Wingen,train_station,4,1,150.8808972,-31.8958446,"Wingen NSW 2337, Australia"
4417,Wingham,2429,Wingham Station,train_station,3,3,152.367217,-31.8680603,"Price St, Wingham NSW 2429, Australia"
4424,Wirragulla,2420,Wirragulla Station,train_station,3.5,6,151.7425137,-32.4629344,"Wirragulla NSW 2420, Australia"
4427,Wirrinya,2871,Wirrinya,train_station,0,0,147.80384,-33.6720199,"Wirrinya NSW 2871, Australia"
4437,Wolli Creek,2205,Wolli Creek,train_station,4.1,104,151.1540547,-33.9285589,"Brodie Spark Dr, Wolli Creek NSW 2205, Australia"
4442,Wollongong,2520,Wollongong Station,train_station,4,61,150.8883194,-34.4269596,"Wollongong NSW 2500, Australia"
4445,Wollstonecraft,2065,Wollstonecraft,train_station,3.9,27,151.1918461,-33.8319307,"Wollstonecraft NSW 2065, Australia"
4447,Wollun,2354,Wollun,train_station,0,0,151.42887,-30.84150989999999,"Wollun NSW 2354, Australia"
4449,Wombarra,2515,Wombarra,train_station,4.5,2,150.9532816,-34.2756766,"Wombarra NSW 2515, Australia"
4453,Womboota,2731,Womboota,train_station,1,1,144.6705,-35.9151199,"Womboota NSW 2731, Australia"
4457,Wondabyne,2256,Wondabyne Station,train_station,4.9,24,151.2569349,-33.4921365,"Wondabyne NSW 2256, Australia"
4459,Wongarbon,2831,Wongarbon,train_station,0,0,148.75986,-32.3353899,"Wongarbon NSW 2831, Australia"
4468,Woodford,2778,Woodford Station,train_station,3.5,6,150.482211,-33.7354841,"Woodford NSW 2778, Australia"
4478,Woodstock,2793,Woodstock,train_station,4,1,148.8470909,-33.7435985,"Woodstock NSW 2793, Australia"
4478,Woodstock,2793,Westville,train_station,3,1,148.78839,-33.7625199,"Woodstock NSW 2793, Australia"
4478,Woodstock,2793,Waugoola,train_station,0,0,148.90934,-33.7176199,"Woodstock NSW 2793, Australia"
4478,Woodstock,2793,Swan Ponds,train_station,0,0,148.9516,-33.7237199,"Woodstock NSW 2793, Australia"
4478,Woodstock,2793,Nargong,train_station,0,0,148.92823,-33.7298799,"Woodstock NSW 2793, Australia"
4482,Woolbrook,2354,Woolbrook,train_station,3,1,151.35263,-30.9645199,"Woolbrook NSW 2354, Australia"
4482,Woolbrook,2354,Danglemah,train_station,1,1,151.22651,-31.0011199,"Woolbrook NSW 2354, Australia"
4492,Woolooware,2230,Woolooware Station,train_station,4.5,14,151.1440549,-34.0476611,"Woolooware NSW 2230, Australia"
4498,Woonona,2517,Woonona Station,train_station,3.8,4,150.9152858,-34.3496068,"Woonona NSW 2517, Australia"
4508,Woy Woy,2256,Woy Woy Station,train_station,4.1,52,151.3233312,-33.4857321,"Woy Woy NSW 2256, Australia"
4515,Wyalong,2671,East Wyalong,train_station,0,0,147.26077,-33.9433099,"Wyalong NSW 2671, Australia"
4515,Wyalong,2671,Clear Ridge,train_station,0,0,147.29869,-33.7655499,"Wyalong NSW 2671, Australia"
4522,Wyee,2259,Wyee Station,train_station,3.4,10,151.487126,-33.1805045,"Wyee NSW 2259, Australia"
4530,Wyong,2259,Wyong,train_station,3.9,39,151.4252734,-33.2855746,"Wyong NSW 2259, Australia"
4537,Yagoona,2199,Yagoona Station,train_station,3.5,20,151.0244561,-33.9069623,"Yagoona NSW 2199, Australia"
4545,Yanco,2703,Yanco,train_station,0,0,146.40572,-34.6039999,"Yanco NSW 2703, Australia"
4549,Yannergee,2343,Yannergee,train_station,0,0,150.03423,-31.4447599,"Yannergee NSW 2343, Australia"
4549,Yannergee,2343,Tamarang,train_station,0,0,150.10741,-31.4642299,"Yannergee NSW 2343, Australia"
4553,Yarra,2580,Yarra,train_station,1,1,149.6315726,-34.7860447,"Yarra NSW 2580, Australia"
4554,Yarrabandai,2875,Yarrabandai,train_station,0,0,147.56925,-33.1293999,"Yarrabandai NSW 2875, Australia"
4577,Yass,2582,Yass Junction,train_station,4,3,148.9152721,-34.8089686,"Yass NSW 2582, Australia"
4587,Yenda,2681,Yenda,train_station,0,0,146.1892247,-34.2468682,"Yenda NSW 2681, Australia"
4589,Yennora,2161,Yennora Station,train_station,3.7,18,150.9707794,-33.8647428,"Yennora NSW 2161, Australia"
4598,Yoogali,2680,Yoogali East,train_station,0,0,146.10833,-34.3154399,"Yoogali NSW 2680, Australia"
